feature,importance_rf,importance_xgb,importance_mean
cumulative_penicillin,4.937521145224767,6.993634,5.965577684581378
viscosity,2.4026023436609636,1.0653082,1.7339552784474557
substrate,0.9551616578305104,0.43955344,0.6973575487238337
RQ,0.9540709289998314,0.31571466,0.6348927931532513
DO,0.2617670173053861,0.23851125,0.25013913336420657
specific_production_rate,0.19867003735992605,0.16208403,0.18037703274236766
OUR,0.1315777454802706,0.19436759,0.16297266652332315
base_flow,0.06923495669502483,0.092687674,0.08096131528088682
substrate_rate,0.09091376834778701,0.022931503,0.05692263573988634
