cumulative_penicillin,substrate,RQ,specific_production_rate,substrate_rate,base_flow,DO,OUR,viscosity
0.93264425,-0.91504353,0.23488562,0.33455527,-0.04532032,0.041324843,0.19124925,0.22496963,1.0245992
-7.0563307,-0.2142826,-0.06511737,-0.43959633,-0.009199903,-0.030686446,0.117993474,0.00050825643,-1.0291358
3.431385,0.3280524,0.21913248,-0.10756135,-0.009290388,-0.08938013,0.11207435,-0.18632334,-0.07080192
-3.157772,0.50806224,-0.043969024,-0.1357482,-0.0080983285,-0.0033653525,-0.5934997,-0.07808851,-0.92153144
1.3722762,0.76961374,0.24858098,-0.35382715,-0.02039481,0.06206917,0.11847412,-0.1107922,-0.5802671
5.6627865,0.2828137,0.0734742,-0.19003727,-0.00680697,-0.36427855,0.13906236,-0.11258845,0.72094244
3.0968413,-0.32840618,0.28149784,0.28985453,0.015626183,0.26713854,0.13856086,0.37199825,1.3592002
6.693748,0.3532123,0.18587585,-0.100725666,0.00041890139,0.1382134,0.27659622,0.12832965,0.5492436
-8.095325,-0.32150573,-0.53831154,-0.15446736,-0.000900407,-0.024605464,0.13822412,-0.004151825,-1.1560268
-2.3500423,-0.37162593,0.21763398,-0.067119345,0.020384293,0.06773574,-0.45616397,0.06271955,-0.6507609
-2.8080242,0.4665232,0.19421251,-0.22593738,-0.023653783,0.026240472,-0.42474496,-0.03497801,-0.9851925
15.773177,0.76051235,0.29863545,0.20103796,-0.009236047,0.04824669,0.3272515,0.27645713,0.5377225
-8.993398,-0.32466048,-0.547745,-0.172296,-0.005567708,0.026499614,0.051461954,-0.017692704,-1.1617348
2.8232234,-0.526623,0.2854935,-0.02955046,-0.07278355,0.07271812,0.14926983,0.11119285,1.0341166
-3.7860951,0.073819235,-0.3365019,0.14560862,-0.0126053225,-0.052630108,-0.53073215,0.039555226,-0.7821814
10.313605,0.35311678,-0.0037020613,-0.09840512,-0.033821233,-0.012373267,-0.5285556,0.27140212,0.45309013
-11.504037,-0.3491536,-0.95867544,-0.07110938,0.007849012,0.02885321,0.049429003,0.12291869,-1.5740458
-11.3725395,-0.25682756,-0.8846586,-0.08392578,0.0074863774,0.054550957,0.060432225,0.11269615,-1.5986171
1.9342312,0.608866,0.28994098,-0.07259791,-0.01806445,0.05396708,0.10302384,-0.0674017,-0.56234694
-2.647625,-0.075497955,-0.2560119,0.18175031,-0.024634724,-0.06763701,-0.18476531,0.08578712,-0.86865693
12.877443,1.0549932,0.5302728,0.21422665,-0.0007899739,0.111149244,0.36356285,0.25615576,1.6525538
13.419985,-0.034464188,0.36010814,0.08355219,-0.07044788,0.22798994,-0.28314847,0.4292125,1.4353627
1.5404234,-0.6784977,0.25669348,0.6389604,0.0659104,0.061006006,-0.29189354,0.39661273,1.0312638
-2.5463064,0.39350948,0.17366427,-0.12808968,-0.021562217,0.044177964,-0.4453632,-0.07838567,-0.89299464
1.0660135,0.6061527,0.19256365,-0.23994203,-0.006809712,-0.03171643,0.13693897,-0.034132276,-0.7717048
-9.567935,-0.38473487,-0.5676393,-0.1733379,-0.007686038,0.023300609,0.03366568,-0.025832087,-1.1646204
0.45862016,-0.45999837,0.28405717,-0.08242265,-0.012615491,0.082946695,-0.29919636,0.22520322,0.2976733
-6.4138336,-0.9150066,0.16872592,-0.1893064,-0.012405954,0.061803333,-0.79788566,0.044594366,0.6068917
3.6561806,-0.5288677,0.29958653,0.20155782,-0.048035033,0.23150718,0.19125906,0.2639254,1.4382373
14.106709,0.77314407,0.4105315,0.058488656,0.0012025011,0.18422285,0.57466066,-0.28024858,1.2976588
7.1918874,0.29367042,0.13147517,-0.080860846,-0.00012634952,0.066057034,0.5346757,0.32468313,1.0859077
8.57212,0.107239254,-0.11517732,-0.07954076,-0.0043011038,-0.08601912,0.24297246,-0.38680238,0.6469882
2.9618092,-0.44337925,0.25778902,0.29426062,0.023829902,0.07234225,0.10373022,0.32746145,1.2726468
-11.010083,-0.25990865,-0.9033771,-0.03559435,0.0037606165,0.049156338,0.12004002,0.09747118,-1.5765215
3.9109073,0.7585411,0.25610164,-0.07519081,-0.27270672,0.24221022,0.22304489,-0.24666615,1.2518042
0.25398716,0.76953155,0.25699046,-0.29337174,-0.0132132135,-0.16143383,0.23495394,0.06670857,-0.92394364
-11.433585,-0.3108872,-0.9565313,-0.076683536,-0.045283284,-0.0068127573,-0.0065476075,0.14915004,-1.5619466
8.858114,0.36932185,-0.08681086,-0.13788462,-0.0034819061,-0.27029887,0.46898872,0.12609343,1.2285621
-9.077367,-0.28569275,-0.48734167,-0.12014902,-0.02439203,-0.11507967,-0.20488863,-0.028592117,-1.2092243
-4.1140985,-0.06313072,0.015368917,-0.086729564,-0.055506833,-0.1120528,-0.4899522,0.007994689,-0.8103282
11.599652,-0.18632093,0.21187326,-0.19239727,-0.0017665206,0.08107744,-0.3869491,0.33738005,0.21984996
-2.5028453,-0.05426607,-0.24264055,0.13652863,-0.027303182,-0.1493523,-0.20282076,0.052520126,-0.79267526
6.3722167,0.27193227,0.18557468,-0.2155062,-0.0011783055,0.09946692,0.17387322,-0.22866467,0.6798107
-11.699857,-0.37027833,-1.3000152,-0.10904775,-0.080377296,0.060907863,-0.57405615,-0.42526314,0.24344663
-2.3679876,0.009222619,-0.1689819,0.2240353,-0.013674845,-0.08758251,-0.46446854,0.059921995,-0.6425961
5.3819766,0.51301837,-0.028351828,-0.046210766,-0.0035111078,-0.026041452,0.12816612,-0.27302387,-0.230639
-11.088088,-0.23303682,-0.85514766,-0.08118361,-0.035799526,0.049417105,0.013255761,0.11874483,-1.6382388
5.757272,-0.24285296,0.29419506,0.2777619,-0.011569494,0.23386015,-0.14412479,0.5966602,1.2449756
6.0585446,-0.6071272,0.33632785,0.54266304,-0.042191975,0.18205483,0.16041392,0.5157832,0.9133079
0.7522552,-0.54933864,0.33836606,-0.21863167,0.011939371,0.052803166,0.23012018,0.11620994,1.275184
-1.9371878,0.52025473,-0.19906358,-0.04975481,-0.008707703,-0.081154,-0.26817602,-0.0520577,-0.9310246
-11.626598,-0.45754293,-1.6028149,0.23835757,-0.09981429,0.06913651,-0.48883265,-0.31530514,0.042723976
-6.925333,-0.08906906,-0.0149740735,-0.21201362,-0.06371287,-0.0050609,-0.25610435,0.030479068,-1.0549254
9.424967,0.21256289,-0.029697752,-0.07525535,-0.010311104,0.15252951,-0.023117563,0.18044324,1.1378244
-11.585942,-0.40046626,-0.92037797,-0.085647866,0.0059994687,0.05180792,0.09351693,0.12357158,-1.5304291
-1.4754295,0.54684013,-0.11023975,-0.031634286,-0.00923425,0.030589161,-0.16578674,-0.095294654,-1.0194855
-11.548955,-0.3286492,-0.92521346,-0.07036099,0.007492355,0.04725201,0.12678823,0.07687983,-1.6327782
7.3782983,0.19675943,0.24586596,-0.10412046,-0.0047662756,-0.053715263,0.03884086,-0.47289857,0.78874296
9.922757,0.13771942,0.17142108,-0.5159104,-0.008752879,-0.47115257,-0.08880944,0.1881599,0.15132786
8.7481,0.23805869,0.07142462,-0.10501372,0.008083712,-0.026343187,0.18360421,-0.2217845,1.1851928
8.507989,0.43185216,0.2557575,0.08103543,-0.022942971,0.021034809,0.64921534,-0.13677108,1.0637829
-11.52881,-0.39759237,-0.93174094,-0.087770104,0.0076873153,0.056255367,0.008352819,0.12736855,-1.5016527
3.8107548,-0.729459,0.29111913,0.46691304,0.020222096,0.28486115,0.20277227,0.27497855,1.4301534
-11.380244,-0.2944023,-0.85825807,-0.1180718,-0.0022300007,-0.16726926,0.11083554,0.12745294,-1.6016091
1.0431893,0.639394,0.19731566,-0.22332418,-0.03036452,0.01511445,-0.17007622,-0.18564704,-0.77708584
-10.023427,-0.4399592,-0.63771504,-0.15992258,0.00071021455,0.0447137,0.077781364,-0.04088011,-1.1718442
-8.987144,-0.28950283,-0.49366322,-0.23146617,-0.006187022,-0.074481644,-0.036530774,-0.008947699,-1.188272
2.288757,-0.22373374,0.111034006,-0.36055914,-0.0253049,-0.031569067,0.08549426,-0.2265583,0.04380046
0.8266919,-0.47783318,0.29249892,0.10002702,0.09119793,0.123987004,0.18481478,0.10555733,1.1776168
9.434185,0.40185022,0.22576074,0.069700904,-0.004068816,-0.1498447,0.18236482,-0.30510554,0.37133625
9.863418,0.32406116,0.33633447,0.14653724,-0.0039149034,-0.045444146,0.24161996,-0.19791466,1.1541842
-5.9050875,-0.15492152,0.24625964,-0.25488055,-0.111961864,-0.004433828,-0.3296396,0.042234097,-0.95363164
-0.9790297,0.5335538,-0.025102587,-0.053611804,-0.012012566,0.026149878,-0.31183267,-0.09705179,-0.91381395
-1.3559179,0.5290489,-0.023002602,-0.060743295,-0.012741498,0.05624309,-0.31628624,-0.09948611,-0.9736425
-6.455185,-0.03693794,0.19622466,-0.34244293,-0.13345082,-0.10798109,-0.35402673,0.037646666,-1.1256235
-8.622049,-0.23541982,-0.5509382,-0.19541116,0.0006327936,-0.040027082,0.044799402,-0.019952092,-1.221044
-0.9751487,0.39841846,0.14476858,-0.0061090887,-0.01850676,-0.2733064,-0.361753,-0.11255242,-0.83564407
3.4215617,-0.28711024,0.22631028,0.39665222,-0.029561697,0.19206892,-0.26848337,0.3594711,1.3599292
-7.119342,-0.18374957,0.2725749,-0.85119826,-0.015785031,-0.112957895,0.06377835,0.017186735,-1.063732
-0.26699802,0.5791987,-0.051419593,0.08732321,-0.012950467,0.068716526,-0.15696642,-0.09302521,-0.7717528
6.418976,0.28702393,0.2373051,-0.11823279,0.002636281,0.13292092,0.17931344,0.27906084,1.0462172
12.291774,0.58263546,0.41058958,-0.08979474,0.014247204,0.23459336,0.09602396,-0.2272478,1.5448782
3.115066,0.30471438,0.2875218,-0.15211503,-0.0025416175,0.019345496,0.123090774,-0.13336803,-0.054005243
5.934588,0.29465094,0.19137205,0.046664156,-0.0049221213,-0.038655296,0.21558474,-0.34103662,-0.12487891
10.71511,0.5395035,0.20027629,-0.33301884,0.00042086776,-0.4877501,0.043728057,-0.09725184,0.77865463
-11.504637,-0.26833233,-0.9167506,-0.07849677,0.008699844,0.054533347,0.10497177,0.104330294,-1.5897428
-1.7373432,-0.020193294,0.21575925,-0.1340063,-0.05845326,0.064615734,-0.5649539,-0.037378825,-0.40642092
9.690956,0.19194807,-0.042526267,-0.06018545,-0.019595958,-0.13485315,-0.102640525,0.16222593,1.1927664
5.6340914,-0.27135992,0.16103244,0.105419554,-0.06627848,0.15397123,-0.15680578,0.57033014,1.3372152
-8.621198,-0.3519038,-0.62788314,-0.14903085,-0.0012059984,0.019317426,0.091170736,-0.012592862,-1.1028
9.026069,1.1040992,0.39720744,0.2564034,0.062163413,-0.024159664,0.21133761,0.40577045,1.606582
11.246904,0.46680367,0.41505903,0.085854255,0.0045146435,0.25527254,0.052976504,0.65866834,0.8804927
-6.0765715,-0.031019425,0.19895647,-0.26487046,-0.12751132,-0.049762066,-0.33341548,0.028445,-1.1102022
13.13095,0.81322956,0.4740105,-0.0050864206,-0.006133719,-0.06763976,0.2780062,-0.43863901,1.5666231
-10.376977,-0.28631988,-0.88453007,-0.06828965,0.0036052382,0.053856462,0.097260796,0.03449058,-1.4881176
0.456307,-0.71817696,0.26311228,-0.030815274,0.08311602,0.0725867,0.041939173,0.21295628,0.9496715
-7.8225527,-0.3860518,-0.124324426,-0.39372098,-0.007542701,-0.022683265,0.16703051,-0.018908275,-0.98900205
-7.9980536,-0.2699334,-0.41534448,-0.1529617,-0.0056712353,-0.1732339,0.051260184,-0.0093465345,-1.2143455
-11.242207,-0.17560944,-0.96487784,-0.025382007,0.003691154,-0.006797772,0.06628198,0.11051288,-1.6139481
-2.571653,0.51759255,-0.109500386,-0.0877802,-0.008169181,-0.0953298,-0.16583686,-0.08477385,-1.0472766
6.0191703,0.38340172,0.2510365,-0.15477726,-0.00902157,0.019863335,0.15922633,0.20606725,0.5608306
0.47974083,0.6685666,0.1532154,-0.18394545,-0.02747632,0.032237597,-0.38798055,-0.020751722,-0.7914769
-7.9038577,-0.19308853,-0.5337793,-0.17303804,0.0005884426,0.017498946,0.015281382,-0.06060337,-1.145568
-4.936952,0.30271322,0.1446516,-0.13157898,-0.01272693,0.067240156,-0.862871,-0.032817986,-1.1365944
7.6049924,-0.048615452,0.26164985,-0.045230072,0.047104586,0.10579489,-0.11961246,0.41058263,1.5197068
11.288612,0.37864444,0.30882043,-0.12250381,0.017632011,0.15267429,-0.13833189,0.38919643,0.16078529
7.9997206,0.94570804,0.4790503,-0.014112088,-0.008627354,-0.035116695,0.14633916,0.046230935,1.3063574
4.448683,0.30941543,0.21885452,-0.08818096,-0.01270487,-0.070834264,0.22087361,-0.35252312,-0.06700902
-1.4909081,-1.0060292,0.24335423,0.040975656,-0.015537927,0.07685995,-0.31958276,0.2846219,1.1124836
-5.1744328,-0.0055841403,0.21258532,-0.265624,-0.03291142,-0.26308116,-0.66521674,0.03188725,-0.8175092
7.173517,0.2856937,0.24241714,-0.12541965,0.0045130593,0.083015524,0.3791369,-0.5063638,0.8629612
-6.799344,-0.08077686,0.20307595,-0.37123293,-0.13281168,-0.03219227,-0.3156672,0.022374336,-1.0547043
1.6786212,0.660007,-0.04191646,-0.10862973,-0.009599982,0.01319735,-0.017160658,-0.19660808,-0.72840697
1.9712399,0.8779044,-0.017380925,-0.09868452,-0.016268734,-0.09017995,0.2868953,-0.1761498,-0.50103086
9.626935,0.65364444,0.49388155,0.12327002,-0.0064334706,0.21415551,0.10611307,0.09810208,0.63382816
-2.4879217,0.5254451,-0.2154618,-0.056500364,-0.0097507965,-0.026474008,-0.27870315,-0.05115825,-0.97623235
5.765314,0.17577672,0.1251375,-0.21818665,0.00013965237,-0.37684295,0.054844063,-0.3014324,1.0781189
-2.4338338,0.43544838,-0.045913603,-0.124083854,-0.016318655,-0.037094314,-0.32550266,-0.11345162,-0.9124771
1.9293715,-0.3310899,0.22094974,-0.07453622,-0.06608355,0.089646235,-0.067447506,0.0955786,1.0814394
13.141809,0.9630425,0.39747846,-0.02882258,0.00011559996,-0.033054154,0.2566043,0.40967032,1.4266421
4.7978945,0.797656,0.28582877,-0.05736856,-0.009717934,-0.02669918,0.15653832,-0.077410735,-0.7855969
-7.5828624,-0.16721398,-0.022644933,-0.29986137,-0.07857011,0.016032144,-0.249783,0.02680422,-1.0278547
0.020887218,0.72986525,0.26753175,-0.06264077,-0.02482049,0.061917465,-0.42222705,0.027386425,-0.73252416
12.487545,0.99583113,0.42998973,0.017551906,-0.0034363612,0.21423593,0.28114167,0.81784064,1.7463402
-0.9516629,0.3783433,-0.068968706,-0.11390134,-0.0029963935,-0.06988086,-0.0501617,-0.21765265,-0.89737594
5.524806,0.47927135,0.15534271,-0.0609942,-0.005366256,-0.004998839,0.28952572,-0.3782159,-0.16400172
-6.120277,0.068985514,0.21313249,-0.2811036,-0.120123036,-0.10072319,-0.6857346,0.026165128,-0.8666222
-11.377598,-0.31839925,-0.9342325,-0.07008031,0.0068363016,-0.096510515,0.108320996,0.034781795,-1.6023535
11.719915,0.46713793,0.33909827,-0.12908557,0.0015986132,-0.18932228,0.13384373,-0.5182949,1.3063334
12.402151,0.5889218,0.25360128,0.028385727,-0.0064306245,-0.16409238,-0.104081295,0.3631627,1.1607813
-1.2778268,0.4797941,-0.23821151,0.045767207,-0.040772308,0.06265383,-0.1825811,-0.089917764,-0.8530096
3.194868,0.29829907,0.21402799,-0.07482354,-0.006208112,0.123878,0.054388713,-0.18528543,-0.013290063
3.794928,0.32408753,0.23705542,-0.06581825,-0.0044984748,-0.42325357,0.03289224,-0.1474641,-0.08685573
5.498662,-0.5519472,0.40513232,0.38952586,0.17767526,0.38996804,0.068348214,0.79351526,1.4748405
8.804312,0.7604571,0.3404819,-0.025252407,0.0044222176,0.11908957,0.26304844,0.08827822,1.0211687
6.286018,0.35349137,0.15036903,-0.15672599,-0.005006484,-0.75356203,0.058939382,-0.09401962,0.9536592
0.4842703,0.92086536,-0.018206045,-0.20418313,-0.010458033,-0.013845363,0.20087978,-0.099307016,-0.7073441
-0.10430926,0.74274737,-0.16385823,-0.025483692,-0.012671266,-0.11583656,-0.25203618,-0.10899348,-0.9229421
-6.182119,-0.15686858,-0.07336204,-0.30999196,-0.043271273,-0.089376524,-0.1392827,-0.0010930913,-1.0282632
12.9663105,0.9728132,0.44585904,0.058924247,0.04465565,-0.11437755,0.29502353,0.29286468,1.8808732
0.6336967,0.7358495,0.21639074,-0.116436176,-0.024816325,0.039718002,-0.41946357,0.05703191,-0.7111837
-11.2409115,-0.17949331,-0.9698735,-0.048844106,-0.00053809956,0.016136097,0.067150995,0.11522732,-1.62182
0.67768246,-0.8715234,0.18914627,-0.14878635,-0.088914156,0.05534035,0.12809654,0.12406883,1.0035696
1.7229964,0.70414513,0.19984917,-0.19059995,-0.03547586,-0.0069578323,0.03326426,-0.0041386923,-0.74653137
-11.413897,-0.37753153,-0.93889767,-0.07355684,-0.04002246,-0.028325226,0.14848988,0.006113941,-1.5277357
-3.719777,-1.455533,0.20304942,-0.55241525,-0.03692824,0.06411433,-0.020976126,0.03184296,0.7873317
9.449234,0.5586429,0.052936256,-0.0430153,-0.0070046345,0.039626885,0.07559288,0.38005397,1.3136665
-3.6672485,0.15529655,0.20415546,-0.19091085,-0.04093531,-0.24291945,-0.7442332,0.0027630266,-0.7815242
-5.3303356,-1.4278506,0.16803521,0.11647254,0.003402273,0.05227189,-0.35390934,0.0987181,0.8808462
-1.3313383,0.58112997,0.26857388,-0.1745305,-0.0037621162,0.008528428,0.09514143,0.0124600995,-0.975513
8.276408,0.38224828,0.2477637,-0.40155986,-0.02138895,0.15430608,0.023368973,-0.0027020697,0.6935552
10.3476715,0.3889492,0.2189134,0.22266997,0.08707612,0.25647816,-0.239381,0.6928095,1.1790146
5.709063,0.4169736,0.23252368,-0.14761108,-0.007459729,0.09352857,0.3011377,-0.37743768,-0.24012901
8.768152,0.83497757,0.38303828,0.10495775,0.007057635,0.13518962,0.121206015,-0.17439373,1.0255269
0.036271233,0.8508591,0.015553233,-0.280963,-0.006270152,0.01685305,0.22929317,-0.08099951,-0.8129948
6.56673,-0.37636718,0.30315933,0.083229184,-0.02287287,0.15472193,-0.0130295595,0.09824273,1.5243655
-6.666361,-1.8771125,0.19397639,-0.46544543,-0.09067365,0.048489235,-0.06424322,0.06641472,0.7344796
9.523419,0.41739947,-0.01528291,-0.15550263,-0.012508965,-0.27204457,0.41147774,0.08771936,1.2387236
6.0544405,0.25315353,0.21690342,-0.36216894,-0.017809253,-0.53018886,-0.2266362,0.24900751,0.47883934
5.6803684,-0.3125346,0.25446022,0.3415882,0.016678754,0.18041177,-0.39514476,0.44027996,1.2773817
8.350243,0.93873596,0.3302721,-0.04464778,-0.0011624859,0.12023663,0.33312064,0.1701967,1.5260975
12.478017,1.0208867,0.33090627,6.2701874e-05,-2.7495294e-05,-0.5334997,0.19187377,0.1423118,1.5979029
-11.342568,-0.39103183,-0.9358549,-0.09599873,-0.053253684,-0.019299777,0.14621402,-0.0422721,-1.514327
12.480907,0.4490803,0.24766865,0.019610016,-0.009357901,-0.15392253,-0.17396267,0.46012658,1.1918705
-7.2880363,-0.23802772,-0.041787904,-0.4052494,-0.011735569,-0.08656541,0.047397044,9.1282796e-05,-1.0482944
6.393609,0.49239343,0.2939037,-0.14811504,0.0051706694,0.062777355,0.183478,-0.17548902,0.57820326
-10.210574,-0.21901159,-0.8503156,-0.054666746,0.0054017813,0.046615116,0.0123504875,0.103777155,-1.6357143
-5.166724,-0.005766617,0.21221672,-0.22591373,-0.04466136,0.026375875,-0.6102825,0.009190361,-0.72860324
-9.1122265,-0.3202614,-0.57398653,-0.21583827,-0.0052253944,-0.02996259,0.07182885,-0.031266168,-1.1583848
-7.168116,0.5168642,0.16093054,-0.62818,-0.10104062,-0.00040246942,-0.60513544,0.08128689,-1.1569686
13.632262,0.83934015,0.3743597,-0.012386855,0.03634771,-0.10866015,0.5388419,-0.04634024,1.4236088
-8.188171,-0.272612,-0.38859072,-0.087133765,-0.027676899,-0.10674644,-0.22398984,-0.029096318,-1.1806014
2.1825876,-0.332287,0.34445298,0.18853,0.19232005,0.1357744,-0.3583569,0.07705082,0.57481694
-11.421806,-0.6605128,0.1748967,-0.07677832,-0.029370682,0.065910235,-0.621,-0.53476787,-1.1422364
-2.084963,-0.6296659,0.23834312,-0.028524568,0.028071245,0.018002525,-0.6809469,0.17831366,0.046377745
-3.6303523,-1.402691,0.22183125,0.2470405,-0.026060289,0.05130761,-0.32593328,0.20994665,0.8773321
-1.1855538,0.435933,0.0052701063,-0.04980622,-0.01285059,-0.023557436,-0.3010301,-0.12253423,-0.869324
-5.8006177,-0.18551272,-0.07245175,-0.24047655,-0.03656076,-0.11575865,-0.13583134,-0.03167295,-0.9503949
3.4938874,0.84984255,0.0038193606,-0.006074541,-0.0025686403,-0.10501328,0.09915352,-0.16208015,-0.65897244
-7.4832015,-0.020446444,0.18874176,-0.40016952,-0.1340363,-0.09782344,-0.33377874,0.02594048,-1.1177826
8.57275,1.0245686,0.3438447,-0.08649661,0.039979883,0.18459015,0.34902665,0.48898527,1.3228693
-2.2417796,-0.043566767,-0.2674594,-0.00314175,0.0036576856,0.06944706,0.09110914,0.019603115,-0.6084459
13.092866,0.9985058,0.3981394,-0.094233215,0.011998326,0.082961,0.3172445,0.35260347,1.3000159
-9.35158,-1.5321586,-0.44062135,-0.41981137,-0.025868945,0.1003315,-0.22592339,0.031179989,0.76557577
3.4015934,0.7210112,0.017929237,-0.58952,-0.35919648,-0.43789,0.095951945,-0.21946894,0.9785424
-10.315698,-0.24162515,-0.82073486,-0.0807172,-0.02477473,-0.102944195,0.061476663,0.09173602,-1.6009506
0.1968177,0.5190704,0.1677489,-0.079030335,-0.024502572,0.057783816,-0.56516755,-0.16647184,-0.7152595
4.01227,-0.4648056,0.24199003,0.13362125,-0.102102816,0.44510058,0.13875225,0.080872364,1.420042
13.229267,0.8629754,0.40488014,0.1094783,0.018951086,0.18325292,0.25363398,0.6124727,1.5521873
0.84231174,0.46650687,0.20626351,-0.11914296,-0.0050170715,-0.019729165,0.14156081,-0.22728148,-0.79941046
1.110928,-0.75843763,0.2199551,0.5523553,-0.019783255,0.047892336,-0.26555488,0.41247523,1.0874659
6.2708826,0.31868625,0.27306795,-0.18506226,-0.00093486946,-0.0006285235,0.34005928,-0.4047327,0.60198635
-4.5635667,0.08929949,-0.0051998585,-0.06428801,-0.05619339,-0.092518166,-0.53012383,-0.036847588,-0.78175616
1.8979391,0.6220639,0.28205723,-0.14489391,-0.0043608034,0.045651335,0.04964441,-0.012802588,-0.5938105
-6.34163,-0.10111649,-0.040030546,-0.21796082,-0.053651415,-0.044598233,-0.2546697,-0.026689697,-1.0115894
-11.230685,-0.4347436,-0.80213296,-0.15465793,0.005199903,-0.14576687,0.15441003,-0.105031505,-1.5366759
11.378475,0.43020427,0.3010559,-0.08162523,0.009350719,-0.12385999,0.41804975,-0.22807671,1.15004
-11.063381,-0.28164166,-0.858129,-0.09015401,-0.0029174455,0.0515833,0.07797802,0.10411335,-1.5744517
5.3553987,-0.3993869,0.24041668,0.2077915,-0.06466374,0.19564103,-0.23284094,0.46260005,1.3006926
-11.220229,-0.39910477,-0.8000058,-0.16535543,0.0048863785,-0.109409146,0.15446973,-0.1327704,-1.5803555
5.5028715,0.24923366,0.1434356,-0.030312449,-0.0077185105,0.11383966,0.40121916,-0.119451255,1.0377529
11.11824,0.2880966,-0.013593874,-0.072612576,-0.007356472,-0.051455908,-0.05107778,0.4700508,1.3422726
-2.5154748,0.47176707,0.15935121,-0.22287545,-0.011110385,-0.33254385,-0.78215915,-0.065768816,-0.90763295
-10.477351,-0.34478,-0.6741287,-0.2638963,0.00339847,0.021160133,0.051772848,-0.01707375,-1.1268198
7.520745,0.32171714,0.2318893,-0.06993426,-0.012521754,-0.076130606,0.08752517,-0.37457734,-0.27684128
10.617139,0.82023305,0.611569,0.037534587,-0.002675129,0.12931374,0.14123021,-0.2392948,1.6364937
6.2426686,-0.08690634,0.17519893,0.4222614,-0.054310534,0.15666215,-0.43058825,0.6646532,1.4554776
8.425618,0.16156065,0.17678142,0.050834626,0.0005025848,0.13797763,0.019578947,-0.5324857,0.90206444
10.06555,0.24733506,0.12122862,0.048432212,-0.008499871,0.21517982,0.052349184,0.3708931,1.3026477
7.816404,0.018763434,-0.1592334,0.23971705,-0.15225159,0.16188392,-0.31976315,0.35156405,1.2602084
3.137983,0.5593625,0.24869072,0.009780085,-0.009060644,-0.008479395,0.016349848,-0.102544636,-0.56007457
0.9121341,-0.40721992,0.20928727,0.6009824,-0.0147064,0.058120422,-0.08677796,0.09844754,0.67630196
-3.986284,-0.7969168,0.19790593,0.12559183,-0.042866558,0.0520526,-0.84245586,0.12371464,0.7121523
3.5989454,0.6053815,0.03264186,-0.22476211,-0.005751473,-0.1570234,-0.026972264,-0.25560203,-0.72950846
-0.1362063,0.7572732,0.015385977,-0.067883864,-0.022282425,-0.08414871,-0.40106222,-0.11061609,-0.8985735
4.9503665,-0.48060074,0.31539786,0.17859662,-0.14217678,0.27420494,0.14353222,0.56359684,1.458764
-7.1115994,-0.1569008,-0.012420295,-0.30596548,-0.06038804,-0.019706788,-0.26940364,0.009404285,-1.0391126
0.8525336,0.30045936,0.11412268,-0.27546504,-0.011742555,-0.06960342,0.14004984,-0.2060304,-0.74702317
2.3273587,0.5312174,0.14214289,-0.08153271,-0.037527278,0.036307313,-0.65466255,-0.007951118,-0.79589075
-11.39839,-0.33632982,-0.94136465,-0.07050028,0.0068674204,-0.102067746,0.15551311,0.050671253,-1.6131643
-3.9084525,-0.02769322,-0.29265133,0.08484525,-0.028028978,-0.10515157,-0.21125792,0.06677759,-0.9141073
4.954591,-0.5726724,0.30099666,0.5115123,-0.009457386,0.38479486,0.14021327,0.53508055,1.0840937
-1.3438513,0.46683443,0.12884285,-0.17033525,-0.0196586,0.039787978,-0.4946519,-0.17335096,-0.8465386
-4.4783683,-1.62403,0.3047166,-0.088037916,-0.03243263,0.05295329,-0.007229346,0.19473171,0.9391895
-0.44458222,0.86517864,0.23164287,-0.35375318,-0.0015879651,0.032027025,0.19391821,0.08353167,-0.8592288
4.3890133,0.30422184,0.12880683,-0.06752502,-0.007170845,-0.103003174,0.13593474,-0.26291206,-0.054674838
6.662046,0.38739434,0.18315187,-0.114824764,-0.00015068462,0.0820881,0.2884341,0.048956547,0.5738695
10.573237,0.42790604,-0.08202183,0.1002965,-0.031966537,0.16930546,-0.3510977,0.3090961,1.2255139
-2.2857723,0.41128474,-0.037542097,-0.07295047,-0.016455187,-0.020259911,-0.31333652,-0.08333612,-0.88707256
6.461914,0.3828229,0.1989189,-0.12049729,0.0028789786,0.038372107,0.42663717,-0.10301044,1.1368645
-4.8181524,-0.2524547,0.25496438,-0.14906007,-0.010670237,0.0801401,-0.82651824,0.17027523,-0.5822117
1.6075101,0.67444766,0.046865296,-0.04275447,-0.027612014,-0.044687264,-0.507125,-0.14436097,-0.8160247
9.363023,0.9049398,0.36887434,-0.07281177,-0.0015189861,-0.56321144,-0.08955819,0.32473806,0.38031653
5.7530823,0.35399535,0.16844611,-0.032837495,-0.006026732,0.0979376,0.448836,-0.09346932,1.1920239
-11.544751,-0.3412305,-0.928169,-0.07654413,-0.03169518,0.05172991,0.06842381,0.14631405,-1.5926137
13.395087,0.9665826,0.31102592,-0.15607789,0.011349556,-0.5833815,-0.5645483,0.123768054,1.0473257
4.96256,0.28030998,0.25778332,-0.05613551,-0.010502456,0.06442816,0.0757279,-0.2922309,-0.13900538
11.157088,0.85517055,0.42869133,-0.13497737,0.0036623208,0.007013292,0.2527059,0.03295436,1.6405683
-1.6784322,0.5233435,-0.21991414,0.0079482095,-0.0100206025,-0.020985125,-0.25738895,-0.059209477,-0.9026158
1.4718034,0.6619566,0.2113744,-0.1321003,-0.02215444,-0.1512884,-0.82448214,-0.019646097,-0.6693525
-6.126188,-0.1783943,-0.07065565,-0.40456283,-0.0027574815,-0.025363274,-0.0017977823,-0.031600475,-0.9947984
-11.358806,-0.2837746,-0.8621536,-0.05511051,0.0054618903,0.049739234,0.00834818,0.11597329,-1.5925664
-7.3723226,-0.17965814,-0.024484683,-0.34945047,-0.06616394,-0.09478655,-0.25398692,0.007288227,-1.0324914
-1.5981362,0.5558296,-0.04289247,-0.16541675,-0.0036710824,-0.029818116,0.0050152135,-0.05435256,-0.9260432
-11.443209,-0.6761577,0.17135674,-0.08221939,-0.07542231,0.0645026,-0.66866726,-0.37966356,-1.157576
8.559494,0.6284883,0.16112061,-0.28643617,-0.009713026,-0.22440413,0.14404988,0.20584424,1.3231272
2.0574114,-0.5207157,0.19679293,0.17788725,0.06355874,0.08549219,-0.5139877,0.14933202,0.5548714
5.391057,0.34702656,0.2229975,-0.23503338,-0.009225559,0.13849467,0.16133416,-0.29768276,0.6914983
0.4345235,0.45914868,0.026180672,-0.02066075,-0.015954982,0.016790511,-0.3784007,-0.13530716,-0.8044331
-11.490638,-0.53975356,0.21804649,-0.11061741,-0.0142657645,0.05918287,-0.294118,-0.50036436,-1.5422453
13.926277,0.84003186,0.5589968,0.0024896676,0.0077894335,-0.027185468,0.5717579,0.16379385,1.4160126
-11.507066,-0.53219783,-0.5402178,-0.10366132,-0.04423653,0.07730066,-0.52837723,-0.09423934,-0.9744193
-9.743689,-0.3618971,-0.5641008,-0.21416748,-0.0054959543,0.0037795675,0.049109887,-0.011342495,-1.1742527
9.073189,0.4607696,0.41551527,-0.06696589,-0.0035958022,-0.013623768,0.56371665,-0.27762932,1.3096987
14.134896,0.8629488,0.26161125,-0.0720047,0.01096542,0.2777818,0.3398841,0.2509957,1.5073394
-0.5376157,0.51359415,0.15915534,-0.19423522,-0.019295214,-0.32581866,-0.74594766,-0.07113991,-0.74932086
-11.176733,-0.25346777,-0.84010935,-0.038727585,-0.03448433,0.05248364,0.067216665,0.1131698,-1.6365856
-11.402169,-0.30849245,-0.9578807,-0.07471884,0.008010171,-0.047407683,-0.0065671303,0.15016821,-1.6094224
11.887893,0.7043554,0.57435894,-0.013550446,-0.0014681675,0.05187538,0.05543168,-0.67883736,1.5731082
-6.750771,-0.07551409,0.21976146,-0.3193839,-0.057545524,-0.063300215,-0.6131473,0.038714014,-0.9017003
-5.902816,0.07326349,0.20349248,-0.27861163,-0.045509223,-0.03960498,-0.7177665,0.014213842,-0.88227177
12.302093,0.9322049,0.42150322,0.092728674,-0.0032573303,-0.45364875,0.24474257,0.24144453,1.4108006
-4.073483,-0.93648463,0.19639222,-0.21395981,0.023871994,0.06740401,-0.6102278,0.24132313,0.5151069
13.167546,0.8923233,0.40855357,0.10568335,0.02202939,-0.090320915,0.50388557,0.37202248,1.2839018
-7.537499,-0.21607423,0.24973486,-0.83780813,-0.031118829,-0.046423584,-0.016007232,0.029899802,-1.0447024
3.8312078,0.3283021,0.29401597,-0.11618645,-0.014498894,0.15104328,0.13869303,-0.15306425,-0.11380618
-10.186347,-0.247923,-0.71566874,-0.04072571,-0.0104584,0.016062459,-0.10757712,0.10873656,-1.6372293
8.801309,0.72554195,0.31242818,-0.27349338,0.008490144,-0.06382965,0.15669239,-0.110734314,0.959786
1.6313205,0.64381623,0.24405654,-0.19340605,-0.015067916,0.006516905,0.09891497,-0.040152766,-0.64432746
-3.542359,0.15553446,-0.03724065,-0.065326855,-0.024273442,-0.010411042,-0.58721733,-0.06402754,-0.75186294
9.466726,0.68949807,0.018922761,-0.17754593,-0.009588582,-0.37685716,0.0035687732,0.09444936,1.366937
9.674799,0.2827127,0.25773197,0.018636996,-0.0030837937,0.1528505,0.16787127,0.15956435,1.2137928
-7.467505,-0.20872872,-0.044904944,-0.34898984,-0.053194925,0.035675474,-0.13940622,0.020321101,-1.0301628
-4.9023066,-0.09961204,0.21999472,-0.18298084,-0.117288165,-0.022449117,-0.32055444,0.008181563,-0.9226727
8.047055,0.35253412,0.27323073,-0.045072865,0.00036774552,0.053552855,0.2952456,-0.36346206,1.3564762
1.1166407,-0.8061068,0.24306765,-0.0187857,0.026057575,0.12822105,0.02498033,0.12368035,0.857833
-11.522471,-0.3115676,-0.95275074,-0.080040865,0.006435092,0.048806027,0.021072969,0.15139052,-1.6087791
9.511189,0.12880251,0.32092404,-0.18964514,-0.0030525331,0.09042297,-0.079389706,0.15608157,0.8436748
-11.426593,-0.31833217,-0.93557334,-0.07024573,-0.03963959,-0.0030221024,0.08173476,0.03483103,-1.5701692
-11.413449,-0.30656648,-0.9567898,-0.07646526,0.008689299,-0.049908016,0.0071050986,0.15104483,-1.6121346
15.887573,0.8068817,0.38730183,0.19338909,-0.0023663363,0.041689448,0.29119253,0.3602622,0.5318994
-5.1410117,0.10959331,0.22836965,-0.24392006,-0.02804822,-0.08239751,-0.7576617,0.01798261,-0.8327391
2.9247923,0.82361984,0.20945355,-0.21459697,-0.010710176,-0.013640732,0.27461353,-0.10798615,-0.57969487
-5.022223,0.1390181,0.24342054,-0.22498903,-0.106293835,-0.085917674,-0.6993816,0.013108574,-0.86365414
-4.3945513,-1.4754609,0.23828962,0.06349953,-0.009959586,0.053193882,-0.13292423,0.14544521,0.9568974
-11.498324,-0.48257133,-0.5122578,-0.10517118,-0.06793857,0.05819074,-0.19617908,-0.076343104,-1.3672111
-11.521839,-0.32492808,-0.9334905,-0.083779916,0.009416059,0.05584447,0.0072015654,0.1518591,-1.6081886
-9.252834,-0.35480642,-0.5637242,-0.18647134,0.0010221895,-0.014821958,0.040012866,-0.01860591,-1.1729792
4.450063,0.6877506,0.22503588,-0.016239556,-0.0053501464,-0.28123695,0.15459307,0.03289911,-0.91405064
-9.070811,-0.2851502,-0.52781636,-0.18955985,-0.012754799,0.039936263,-0.0943054,-0.0078030354,-1.1470809
-6.432833,-0.035703845,-0.044800237,-0.16254349,-0.059699975,-0.013016433,-0.2517464,-0.0064549367,-1.055313
-8.21018,-0.36283723,-0.5424786,-0.09577823,0.0005198335,0.003913884,0.112444185,-0.0011085919,-1.140649
-11.48094,-0.34373906,-0.94084585,-0.077055484,0.006920827,0.016863825,0.116036296,0.022867084,-1.5677024
-1.2358329,0.45052436,0.18871444,-0.13897155,-0.01890488,-0.024149777,-0.37446588,-0.0027634806,-1.0253484
-7.8405676,-0.22094758,-0.07404989,-0.45577395,-0.0153127555,0.012652219,-0.049401,-0.012029386,-1.0414997
-1.8043516,0.5432303,-0.29708484,-0.04277949,-0.004691761,-0.055602994,0.04609385,-0.07064911,-0.9555056
4.5501437,-0.3148971,0.25666696,0.09727953,0.07727749,0.39424062,0.031246468,0.49003077,1.4363496
-11.399869,-0.3460368,-0.9298395,-0.08188007,0.0067172605,-0.032641206,0.109198354,-0.017157432,-1.5565835
-11.444967,-0.62350464,0.17934446,-0.08387459,-0.083878666,0.06479893,-0.32591587,-0.38383245,-1.5439411
-11.497513,-0.47001836,-0.53473234,-0.10868561,-0.04853245,0.059960302,-0.19174676,-0.09160288,-1.3650981
-9.071076,-0.88596344,-0.4166353,-0.42564133,-0.0973885,0.058529254,-0.6821385,0.02094648,0.55138296
2.4540055,0.6379863,0.3153058,-0.040258996,-0.01608883,-0.30764663,0.047796484,-0.06798956,-0.51842904
-5.3592563,-0.021916704,0.21051025,-0.26674744,-0.041626822,-0.0067922478,-0.64144397,0.016110225,-0.82670295
-0.9522698,0.56486,0.17567615,-0.06240641,-0.01609578,-0.2545229,-0.6098061,-0.028410176,-0.638334
-11.532932,-0.31927785,-0.9418068,-0.07729787,0.009457584,0.057049967,0.01440538,0.15265502,-1.6101537
3.232463,0.6467451,0.21339507,-0.19714105,-0.008709792,-0.34272704,-0.009562377,-0.03217799,-0.75791556
-8.505687,-1.1260239,0.12671742,-0.3912554,-0.07380209,0.056360632,-0.8499301,-0.10886009,0.54215944
1.9584771,0.4546252,0.19038069,-0.019911878,-0.033622395,-0.04908213,-0.44439265,-0.10350694,-0.67586756
7.5009937,-0.28832144,0.33119544,0.44777587,-0.037941445,0.17303231,0.015531572,0.7516279,1.4857949
3.412658,0.3575982,0.16395216,-0.123842545,-0.0056596105,-0.03351793,0.14687532,-0.12164096,0.0038830214
-11.603954,-0.39268586,-1.258909,-0.14466031,-0.08337136,-0.01451535,-0.57654023,-0.3724705,0.19348243
-3.5397923,-1.5605576,0.24871734,0.19956847,-0.03534168,0.04722239,-0.07309686,0.260485,0.8833774
9.875258,0.7479788,0.33539322,0.014599196,0.0027961875,0.15669468,0.24619815,0.007279503,1.095216
-10.607887,-0.25735322,-0.8452358,-0.048712652,-0.019756088,0.051209483,0.06371682,0.111207664,-1.6293354
6.2966585,0.3909708,0.19820328,0.07283848,-0.006324969,-0.06245327,0.078402884,-0.18728982,-0.08682922
-10.747476,-0.24732545,-0.99449605,-0.18440087,0.008961591,-0.00978983,0.0734038,0.098964565,-1.2276386
10.057215,0.26693624,-0.06437222,-0.05969458,-0.0044187712,-0.2311151,0.15656158,0.57091576,1.1728692
-11.51689,-0.32361403,-0.94190294,-0.07738217,0.010037421,0.055573303,-6.906883e-05,0.15467416,-1.6083288
2.276339,0.744727,0.12064657,-0.0039677178,-0.025792085,-0.05958347,-0.7903574,-0.17347115,-0.5892878
8.849994,0.3241673,0.30911067,0.19421063,-0.0017885627,0.25358015,-0.20920779,-0.07104162,0.48554382
-5.2815433,-0.010971277,0.212243,-0.26400468,-0.03141075,-0.26240277,-0.6632952,0.02966985,-0.81981504
11.06754,0.7875534,0.4203242,0.10450338,0.014677906,0.28742853,0.0884687,0.6401067,0.9811227
-11.379552,-0.33410072,-0.9347416,-0.074625716,0.0062491484,-0.09604194,0.08480218,0.045532003,-1.5662571
-2.4144135,0.20226762,-0.15372695,0.1055799,-0.058681384,-0.030868737,-0.4570436,0.0031814754,-0.67497003
6.361667,0.4111613,0.2538745,-0.12622315,-0.012085397,0.08013252,0.3620927,-0.40149483,-0.16205107
-2.246339,0.54640794,-0.01337156,-0.08853457,-0.016456444,0.0505317,-0.5574545,-0.060877312,-0.8120661
4.7947235,-0.57947946,0.31506595,0.39996064,-0.0682943,0.48198143,-0.11914685,0.7098725,1.4214814
4.206796,0.6964421,0.19978051,-0.014945611,-0.0028581955,-0.2469991,0.14727975,0.030775521,-0.8289238
6.356864,-0.08036288,0.22804886,0.4292137,-0.059738595,0.18589593,-0.43458596,0.70507514,1.4921697
4.247613,0.35510835,0.3095149,-0.1071686,-0.009313769,-0.21518506,0.008286131,-0.16970855,0.71428037
-8.354383,-0.29827216,-0.5451845,-0.18883212,-0.0044056894,0.040099505,0.038556315,-0.019453308,-1.1345727
14.492571,0.8564539,0.35940823,-0.07813398,0.010722752,-0.012818322,0.5411539,-0.076660246,1.0482213
1.8016847,0.73698187,-0.053100277,-0.06388837,-0.01637584,0.036367297,0.10022493,-0.19835062,-0.48426998
-1.0665084,-1.2111068,0.24288934,-0.071249545,-0.10419551,0.061981913,0.064972505,0.21258475,0.9955899
9.709891,0.82325786,0.3988232,0.18536124,-0.0009422667,0.20013644,0.061766528,0.4229082,1.1560607
-4.481512,-1.5740145,0.3044849,-0.09190793,0.028715102,0.051591218,0.007958943,0.1978222,0.9806521
-11.427498,-0.63861275,0.15953343,-0.09053597,-0.07508615,0.06309438,-0.32753402,-0.38127095,-1.5303563
-0.27394107,0.5089283,0.10011658,-0.052983005,-0.024040299,0.046688166,-0.52743274,-0.09298035,-0.7562526
-0.57016397,0.41903237,-0.06036154,-0.12694654,-0.0044652056,-0.13398227,0.0018552381,-0.18298166,-0.8049176
14.7957,1.079794,0.35473448,0.16987896,0.0005880148,0.32522705,0.2130456,0.48356286,1.2476783
-11.495566,-0.5286433,-0.5364571,-0.10755896,-0.042155646,0.060545135,-0.5293457,-0.09291683,-0.97586924
-11.232399,-0.4076943,-0.7975056,-0.15126465,0.005400242,-0.14613062,0.17574522,-0.114296004,-1.5803788
12.042235,0.9215613,0.51526064,0.059142534,0.018513968,0.16422412,0.39470664,0.60566485,1.6608338
11.176961,0.82700825,0.60464716,0.058714516,0.004009915,-0.1317315,0.33197242,0.23688109,1.7748927
4.5010257,0.4445812,0.26510587,-0.1400332,-0.010236573,-0.04886892,0.29728436,-0.37033957,-0.1351135
-11.414487,-0.3058692,-0.9587739,-0.075623095,0.008796708,-0.030901289,-0.014747034,0.1515321,-1.6084055
6.7938986,0.3235072,0.17434864,-0.13606194,0.002656043,-0.09066509,0.27843165,0.3638858,1.1902092
-2.5853615,-1.0359851,0.11397405,-0.01024758,-0.029222054,0.054999854,-0.36386067,0.25149822,0.98101807
-11.544402,-0.4971244,-0.6367194,-0.10719673,0.007759648,0.0540865,-0.001691459,-0.024101922,-1.4985123
7.601373,0.46204248,0.3462138,-0.11406998,-0.0027680825,-0.01755983,0.38966742,-0.28637594,1.2610828
-0.36474705,0.39254743,0.00017180758,-0.084992684,-0.0080349725,-0.0019352395,-0.31436217,-0.17746045,-0.76342595
0.9045449,-1.1312557,0.25402296,0.3046887,-0.08140867,0.043313287,0.023914812,0.12704653,0.9606993
-4.856974,0.057147764,-0.01582637,-0.102662094,-0.025202777,0.014610756,-0.5331551,-0.05400393,-0.8083579
-9.650217,-0.60990876,0.12240698,-0.59729844,-0.012908878,-0.028597029,-0.0050388346,0.053717773,-1.1341548
6.205816,0.50303674,0.22365889,0.030805282,-0.0049672816,0.09189486,0.1420003,-0.17749071,0.6173689
3.5817208,0.2752403,0.21654826,-0.33051226,-0.010383827,-0.029737022,0.14659843,-0.33349285,-0.04555998
7.792734,0.71373284,0.44516975,-0.35167938,-0.01005304,-0.28663722,0.15045415,-0.09188868,1.145203
-3.3276057,0.18982093,0.20462026,-0.106793866,-0.041268796,-0.08732951,-0.6709739,-0.0077035977,-0.8347715
6.825013,0.6581479,0.30955106,-0.2809775,-0.004827185,-0.089867115,0.04265386,0.31123537,1.0030112
-7.279023,-0.16888669,-0.011429088,-0.2932885,-0.06511421,-0.005768443,-0.24487558,0.010001758,-1.0266044
9.128606,0.4360165,0.2948776,0.13774621,0.012591971,0.08935553,0.6062223,-0.15105131,1.2450067
8.363068,0.41559744,0.2549104,0.033377014,-0.0069445646,0.09026298,0.042882975,0.44184524,1.2058372
-7.833469,-0.19321956,-0.08193059,-0.47252572,-0.00622263,0.015506506,0.08877069,0.005281757,-1.0302805
5.514958,0.37922928,0.34333372,-0.04523315,-0.013059761,0.15111437,0.39682412,-0.18761973,1.1441959
0.71186215,0.7856792,0.03400201,-0.10195657,-0.011971465,-0.0002115207,-0.47727066,-0.16764891,-0.8723784
14.779255,1.0046036,0.42777696,0.4019016,-0.009952853,0.30370504,0.18817857,0.4851591,0.9412048
-2.1230407,0.06378014,0.027413122,-0.13250245,-0.0041508162,-0.10086261,0.13664788,0.0306783,-0.652948
-2.134282,0.51950234,-0.030311506,-0.046755433,-0.013995758,-0.004646198,-0.3154885,-0.09151683,-0.94512486
11.632047,0.21890748,0.0010784677,-0.006344474,-0.009352348,0.05684595,0.42155242,0.060397774,1.1929554
7.9308567,0.32927582,0.22238088,-0.10817125,-0.015652422,0.20218743,-0.10808658,0.5291662,0.911084
-3.369119,0.46528435,-0.23303257,-0.12828438,-0.058615725,-0.11324326,-0.3026332,-0.04367311,-1.0109136
6.118561,0.28434637,0.18433374,-0.20806043,-0.00015269351,0.076209515,0.19253485,-0.12692638,0.62114716
-2.244555,0.2594004,0.014149797,-0.15059766,-0.010256841,-0.21921182,-0.43585214,-0.25648266,-0.8421725
-6.832599,-1.8387793,0.19729616,-0.44135347,-0.10293473,0.057047565,-0.098962255,0.040050182,0.7344624
4.708455,0.42349714,0.2554573,-0.10127159,-0.021659018,0.17340595,0.13427226,-0.11946005,0.7250283
9.286753,0.52391106,0.24844126,-0.0637528,0.00048052444,0.08829633,0.14197163,0.06394259,1.3076195
-1.3292987,-0.3794898,0.2202397,0.572469,-0.003108357,0.061978042,-0.30013546,0.08561194,0.8626933
2.9950776,-0.51095665,0.25541207,0.4891618,0.029523185,0.09813528,-0.092672825,0.3406788,0.93291825
9.494024,0.3775701,0.16695464,-0.05812443,-0.0095764715,-0.030717017,0.35723692,0.15864699,1.2369851
-2.0670595,-0.04214259,-0.20393078,0.20943722,-0.019867565,-0.08191277,-0.20453435,0.07494993,-0.76861954
9.921783,0.9434063,0.6188125,0.2624048,-0.01743506,0.20713857,0.0247758,0.10538909,0.80946577
6.5873547,0.4223431,0.2547022,-0.21276814,-0.004184776,0.08097095,0.16657709,0.43126783,0.5846375
-6.611745,-0.09179444,-0.07139743,-0.42465162,-0.0058903447,-0.14219314,0.013764904,-0.048057616,-1.0593526
-1.8392934,0.52858025,-0.19406086,-0.0028194399,-0.009880754,-0.024104986,-0.5008588,-0.044906724,-0.69082016
13.268044,0.683905,0.612043,0.064918146,0.011663836,0.02020575,-0.31199026,0.02153527,1.3138555
6.7048693,0.44123808,0.26676375,0.010844465,0.0015641474,0.015669215,0.20132813,-0.31007615,0.680201
9.72614,0.8762613,0.41178796,-0.18970771,-0.0018363504,0.00053219136,0.31939572,-0.20533569,1.5214912
9.089646,0.34018508,0.2251881,0.040342182,-0.008913879,0.13952555,0.28715992,0.29469118,1.294589
4.2655272,0.49978644,0.36436945,-0.19030215,-0.003369736,-0.03979194,0.18617567,0.14965522,0.9515992
3.1689804,0.5779642,0.23774767,-0.063135505,-0.011974593,-0.026750324,0.0013910498,-0.16229358,-0.5408969
-9.552785,-0.34472403,-0.606062,-0.22467095,-0.01998973,-0.07914012,0.14971595,-0.02018264,-1.1862793
-3.6380022,0.03271747,-0.31492203,-0.03157632,-0.052283153,-0.32762828,-0.48444015,0.021675317,-0.66736
-1.6250682,-0.1753262,0.25772315,-0.1718951,0.050020438,0.10491,-0.71915627,-0.014264378,-0.20614466
7.1688156,0.3183388,0.043470085,-0.070745036,-0.0071360315,0.0053839916,0.040080566,0.185836,1.1563201
13.600981,0.6625545,0.3776513,-0.032341793,0.040714048,-0.0740148,0.554553,0.0043044672,1.3895226
-2.8641999,0.46004796,-0.012044629,-0.1450511,-0.025292112,-0.092090055,-0.61213,-0.08902823,-0.8663309
8.38034,0.4164961,0.21330363,-0.20810789,0.0053035812,-0.33415845,0.11024439,0.12404836,0.827381
10.3143425,0.98831475,0.40444252,0.0568546,-0.008979259,0.20084399,0.26191196,-0.083226375,1.2674441
0.80706555,0.7182005,-0.030992948,-0.14739415,-0.0032083911,0.025329359,0.19139564,-0.14864384,-0.60604614
11.198873,0.24099012,0.35978493,0.09050257,-0.010243547,0.114268005,0.034470197,0.18161502,0.6105023
-10.103776,-0.32490125,-0.5864318,-0.24866396,0.00019664167,-0.028508976,0.05336709,-0.015805995,-1.1823388
9.468319,0.84236115,0.62441194,0.07893129,-0.038400117,0.06802483,0.4147913,-0.2623677,1.607864
7.649264,-0.09631695,0.4648557,0.30645105,-0.1006295,0.18021522,-0.2091186,0.23286572,0.9134304
5.5900316,-0.43055624,0.27582735,0.28731775,-0.036608092,0.20873083,-0.16850752,0.50665766,1.224915
-8.053839,-0.20245695,-0.5607358,-0.2548567,-0.00061180705,-0.047951896,0.067710586,-0.028801039,-1.046569
7.38258,0.23325326,0.22918619,-0.13127133,-0.0021622074,0.01760174,-0.30901563,0.12016733,0.7011288
3.3503606,0.88248855,0.18393336,-0.12196009,-0.0066002947,0.026856087,0.28423938,-0.15623656,-0.69075334
-6.647134,-0.14443748,-0.070852496,-0.3508031,-0.046376582,-0.014486262,-0.13455449,0.004311323,-1.054159
0.8010526,0.6212665,0.19867152,-0.30956727,-0.0051368293,-0.019694822,0.06333919,-0.18667434,-0.86700463
6.0540314,0.29838797,0.22923385,-0.0747521,0.00853817,0.1538137,0.1497285,0.2791585,1.2203566
-7.954884,-0.12728876,-0.7972646,-0.24097356,-0.00441557,-0.022359971,0.13925762,-0.04676728,-0.86415774
7.83636,0.79143864,0.24674928,-0.069107495,-0.007025297,0.084641516,0.18714271,-0.007842271,1.2867925
-0.7736463,-0.8147694,0.30308712,0.20526524,-0.050903536,0.13865127,0.03497285,0.13341133,1.1812246
8.058587,0.4537935,0.2748071,0.0048979167,-0.005136677,-0.005138534,0.1326412,-0.113461606,0.4822078
-11.497846,-0.43313122,-0.7220611,-0.102365434,-0.025533663,0.059470635,-0.13430953,-0.018603047,-1.3735954
-9.967722,-0.38889828,-0.49981174,-0.21979935,-0.0049058725,0.03504333,0.12297712,-0.0065680104,-1.236641
-11.482237,-0.43532714,-0.72211826,-0.10432059,-0.025216298,0.056999657,-0.1430933,-0.019481152,-1.3731755
-7.987724,-1.7861617,0.16249233,-0.41143364,-0.10265518,0.06203001,-0.30396965,-0.07682698,0.72743505
10.884311,1.0489334,0.3468052,-0.0015261262,0.010885365,0.20578973,0.12711316,0.37478045,1.5725011
2.3880844,0.4929134,0.21240477,-0.15695223,-0.01830578,-0.011930916,0.03701219,-0.20652206,-0.5035087
-6.414946,-0.08910977,-0.027312106,-0.24642323,-0.0679058,-0.12345293,-0.26000914,0.0140780555,-1.1097013
-11.541562,-0.339246,-0.9473795,-0.07441999,-0.032948602,0.007305246,0.123251826,0.14861415,-1.5938799
-9.871243,-0.3790081,-0.6496134,-0.14827591,-0.0009916755,0.023313772,0.05507216,-0.04701398,-1.154503
10.181517,0.3161423,0.35463092,0.123227485,-0.008671453,-0.27158356,-0.006735552,0.1691212,0.7272514
-0.5150879,-0.10065009,0.21120724,-0.10245402,0.05762312,0.012298394,-0.7149048,0.032317962,-0.28340158
15.651893,0.7264477,0.15060812,0.00810598,-0.0046163388,-0.009435625,0.3132279,-0.22072044,1.1248255
-11.453253,-0.3574826,-0.94146705,-0.08048478,0.006562984,0.022558141,0.13453306,-0.021595912,-1.5536578
12.875361,0.41512075,0.25727552,0.15699537,0.05522835,0.33219165,-0.33579457,0.6343858,1.6371869
10.230007,0.93986404,0.47341672,0.13139205,-0.09269693,0.03859787,0.16581771,0.4658191,1.4114529
-4.0208206,0.18639669,0.2106815,-0.14013176,-0.037558053,-0.10412072,-0.7534888,-0.00032790686,-0.8274085
-11.15939,-0.2569411,-0.89410305,-0.033700045,-0.034904025,0.054378692,0.059046675,0.1060505,-1.5894661
5.4817753,-0.19275843,0.33058158,-0.05237465,-0.23201597,0.13980685,0.24802013,0.05167576,1.354144
0.37975568,0.6636188,0.23798901,-0.19051655,-0.008653093,0.03258755,0.3656021,-0.21192741,-0.65393126
3.034417,-0.36439347,0.23160952,0.39576712,0.056541994,0.16532335,-0.2824391,0.33734655,1.1946857
7.4014773,0.3828007,0.2871593,0.1150941,0.00091875443,-0.055401802,0.104273096,-0.1842302,0.6171638
-3.1839547,-0.050547935,-0.25061554,0.06271798,-0.008952814,-0.22743937,-0.47609338,0.04255017,-0.7727145
-3.8090181,0.42854804,-0.0850273,-0.14561997,-0.015368004,-0.06088473,-0.36813992,-0.09932222,-1.0676835
7.0749016,0.42901993,0.36562598,0.032327984,0.0012558161,-0.27741247,0.16018912,-0.3220478,0.6720071
-4.156521,-0.71556556,0.16329645,-0.33235383,-0.03844284,0.059297614,-0.8304911,0.13776271,0.78799284
5.722458,0.41424614,0.34569147,0.043074258,0.01639654,0.15927239,0.13431737,-0.122971326,-0.10562385
10.284404,1.1150892,0.4735597,0.18975344,0.0033162914,0.2314945,0.09814814,0.47885695,0.9567688
-1.560235,-0.25729015,0.28421274,0.034315508,0.027950814,0.07757585,-0.80555594,0.20445949,-0.28864452
8.732485,0.30747905,0.3416182,-0.18688826,-0.0042215995,-0.12953526,0.013652232,-0.21179347,0.44385624
-2.5457604,0.36231765,-0.022308117,-0.013391714,-0.016105935,-0.0269266,-0.31795397,-0.073385894,-1.0202444
3.8556998,-0.32875693,0.27552003,0.2719697,0.0012320423,0.27785927,0.064418525,0.43370825,1.4434766
-9.771008,-0.30971602,-0.5720008,-0.24854943,-0.0043640756,0.034574598,0.045153506,-0.01018968,-1.1619743
-1.6325341,0.5045868,-0.028939337,-0.0070362296,-0.012067821,0.016598746,-0.52455837,-0.09113019,-0.77096534
-6.011704,-0.055689026,0.22198978,-0.2666998,-0.12772007,0.02607059,-0.34168223,0.026676662,-0.9322519
-10.927292,-0.25621516,-0.79379654,-0.053969122,-0.0017490136,0.058266036,0.0109046595,0.12180034,-1.6820437
-9.061592,-0.2724946,-0.54244024,-0.21003002,-0.005392883,0.008518794,-0.022590345,-0.022514125,-1.1573483
-3.2304485,0.52399087,-0.32959884,-0.13009657,-0.0052959984,0.035906453,-0.12343541,-0.09658863,-0.9939482
-11.537506,-0.3189031,-0.94256514,-0.07747655,0.009333587,0.055839285,0.0182568,0.15374903,-1.6086311
5.05408,0.31669918,0.25223264,-0.1402739,-0.017103592,0.01620737,0.1350215,-0.33233836,0.6809376
11.746934,0.9804914,0.22954622,0.012426094,0.00078219565,-0.39218372,0.2631446,-0.27174497,1.1231412
4.7203455,0.5564762,0.3189904,-0.20821816,-0.018097172,0.17111118,0.31022292,-0.21099415,0.7761028
13.146425,1.0327468,0.30245084,-0.028494587,0.007923625,0.24881275,0.25912592,0.34243348,1.3929783
4.407083,-0.60537213,0.25156575,-0.0024787534,-0.1054419,0.43209597,0.08346834,0.33678195,1.3936985
-8.513891,-0.3551006,-0.4568002,-0.16993172,-2.75977e-05,-0.004766605,0.05112068,-0.008608173,-1.1928246
-8.917927,-0.2761391,-0.41504502,-0.11705926,-0.023422373,0.040095154,-0.23381972,-0.018515922,-1.2062865
-9.979553,-0.3866471,-0.56474197,-0.2152485,-0.008918047,-0.1223997,0.0029790755,-0.009347271,-1.1880254
6.942982,0.959327,0.29405123,-0.01864568,0.010609574,0.15265037,0.13027374,0.32379663,1.6043193
12.240366,0.790662,0.5062425,0.08240263,0.022313992,0.097603306,0.3246105,0.27290967,1.8276862
2.6812823,0.75119394,-0.034853175,-0.05993326,-0.015221812,0.04087397,0.10947118,-0.15720016,-0.47394827
10.230419,0.80689746,0.31244817,0.1251525,0.026627837,0.10856518,0.5169306,-0.05954561,1.3782645
0.78101856,0.54954284,0.20000789,-0.15828961,-0.020566283,0.026050773,-0.57365274,-0.09319354,-0.8923176
10.6069765,0.7160284,0.45088527,-0.0053615565,0.02156819,0.12483055,0.21704961,-0.34349835,1.3877348
14.281565,0.64583445,0.42949173,0.36082375,0.004336272,0.22876395,0.47734386,0.3447162,1.0603689
11.858713,-0.108795546,0.22280172,0.3066356,0.00090003596,0.21498054,-0.107377246,0.47694927,1.52907
3.116247,0.61168814,0.22273551,-0.011553108,-0.013106358,-0.0015111837,-0.00400252,-0.03508435,-0.56900525
-11.503577,-0.48488423,-0.61871827,-0.090454146,-0.0024147816,0.057511527,-0.090014584,-0.022733673,-1.4925418
16.261065,0.9187561,0.66868114,0.13533863,0.013430696,0.07013361,0.7696151,-0.124533005,1.3933809
0.6943045,0.5961204,0.0994571,-0.26046285,-0.013261353,0.04031456,0.18949436,-0.2563788,-0.8458966
-2.0746315,-1.1649784,0.27836844,0.033868555,-0.087300934,0.061804228,-0.008701076,0.23200473,0.8740988
-2.489915,0.44066197,-0.03300754,-0.111212246,-0.01579117,-0.01297594,-0.29041338,-0.11512096,-0.8927611
0.13503198,0.48853132,0.17912379,-0.11094355,-0.015095267,-0.01890435,-0.6829775,0.03975218,-0.59498173
0.59213233,0.90568876,0.020567741,-0.15537134,-0.0064071245,-0.02080328,0.15918447,-0.11643052,-0.6905493
6.202454,0.2719357,0.24851882,-0.15389879,-0.073122784,0.13872884,0.12191804,0.09072987,1.0720298
-11.506562,-0.4315958,-0.60812825,-0.088550076,-0.01034168,0.053806543,-0.18650031,-0.009778455,-1.4601775
10.226296,1.098671,0.48853728,0.1611293,0.0073112226,0.23244147,0.036982343,0.4876348,0.9416438
-11.366193,-0.3385328,-0.9321684,-0.07773647,-0.028848037,-0.06753793,0.11105392,0.0085197175,-1.557475
8.423769,0.3289531,0.28747174,0.00026423472,-0.005675804,-0.16662365,0.06879799,-0.23677073,0.4080167
12.089581,1.0791864,0.43798032,0.029365895,0.06637882,0.05925064,0.27008286,0.7896231,1.6156929
7.461673,0.32179794,0.22721423,-0.23506716,-0.00034636696,-0.39213988,0.040844057,-0.2510873,0.3432986
3.359017,0.59755284,0.18008807,-0.050130997,-0.021575745,0.058100414,-0.593027,-0.04175341,-0.88943446
11.507804,0.91983753,0.422836,0.18780454,0.019690815,-0.10164096,0.5717116,0.014595326,1.6344612
14.2858715,0.64490134,0.4331758,0.35691968,0.008986016,0.22862127,0.48162878,0.34481728,1.0568066
-8.056538,-0.2006927,-0.47809342,-0.20768967,-0.008412512,-0.08776041,0.04679265,-0.00533244,-1.0965668
5.033059,0.246887,0.13492925,-0.66070276,-0.012198145,0.0845571,-0.16769212,-0.22680198,0.10444207
6.6629705,0.41825485,0.2487011,-0.09338442,-0.0050768093,0.074261665,0.13325785,0.02645719,0.49904433
2.5452387,0.61413825,0.22461256,-0.028049165,-0.019791404,0.020256214,0.094094634,-0.19295324,-0.43748242
7.959772,0.80847406,0.29112265,-0.0249333,0.0077221575,-0.5569562,0.116076216,0.5264493,1.07845
5.150748,0.4399513,0.18100841,-0.06972123,-0.006805957,-0.01201976,0.32421258,-0.27145734,-0.1530327
-0.34052944,-0.9211897,0.26662013,0.23389085,-0.009225342,0.056754157,0.20739809,0.3506126,1.3831168
16.916328,0.9893316,0.5503992,0.12461406,0.0005984871,-0.0796031,0.44637758,-0.06986792,1.6874446
3.9268105,-0.40296108,0.27488095,0.39240855,-0.054617427,0.45716378,0.107224114,0.39109963,1.5623959
-0.22553058,0.4478993,0.009238207,-0.047983628,-0.014769681,-0.09447434,-0.33336973,-0.107327655,-0.82685035
6.03722,0.23809437,0.12693791,-0.48264033,-0.008809114,-0.32118502,-0.2716614,-0.0980496,0.44581708
3.31002,0.6775392,0.221298,0.053814653,-0.0095714,-0.06815106,-0.10157319,-0.032687306,-0.63377935
-11.189727,-0.40293616,-0.79664373,-0.15629649,0.0052412376,-0.14807783,0.1575724,-0.13610634,-1.5807934
-8.235342,-0.28818345,-0.5464068,-0.18610314,-0.0009491688,-0.024233108,0.16578178,-0.0010574942,-1.1645089
8.308872,0.3700447,0.30600956,0.012878141,0.0052932887,0.13527569,0.30760407,-0.4101567,0.4854865
7.241702,0.43721664,0.23906036,-0.016182547,-0.0037443868,-0.18506633,0.15124528,0.11234966,1.3491888
-11.10452,-0.24304067,-0.9271747,-0.10286713,-0.034600858,0.0503992,0.07265533,0.094986565,-1.5493852
-8.244695,-0.26035517,0.25491598,-0.8889442,-0.030611813,0.011639546,0.04836264,0.07643107,-1.0720987
-0.66778886,0.44649017,0.17367204,-0.14665768,-0.017451614,-0.037505858,-0.40136465,0.0015583155,-0.9632048
-3.2333531,-0.95153844,0.19200595,-0.323433,-0.040406365,0.08174669,-0.65019506,0.25677532,0.7047057
-10.972403,-0.28017512,-0.8514863,-0.08602466,0.0066319825,-0.029112732,0.08362808,0.09745729,-1.585702
7.897902,0.44516832,0.28027004,0.055560596,-0.0094108265,0.024818722,0.07736905,-0.20533635,0.48224714
8.954993,-0.026751895,0.36807126,0.027708493,-0.06917122,0.12102932,0.24393506,0.059483297,1.4254495
2.8106549,0.669159,0.24095604,-0.11549471,-0.010864913,0.016564092,0.072546385,-0.10476044,-0.5611906
-6.754495,-0.1845154,-0.061634198,-0.4374857,-0.0027175772,-0.022710074,0.106339075,-0.009536293,-1.0494615
7.813678,0.600315,0.29007035,-0.20485428,-0.00753568,0.08981486,0.42127228,0.034359477,1.324719
10.660678,0.2501331,0.32957783,0.07899832,-0.00290565,-0.18357809,-0.0057075853,0.18746494,0.70518726
11.7255535,0.44361797,0.28547397,0.5931278,-0.011166956,0.105825536,-0.65025204,0.42268413,-0.3463578
-11.494021,-0.53420556,-0.53581566,-0.107688285,-0.04239772,0.059045512,-0.5316454,-0.096503414,-0.96473974
14.726079,0.99612325,0.45791343,0.40141457,-0.0022993092,0.31339252,0.18522185,0.40183306,0.9575135
-0.2638625,0.56121355,0.17839664,-0.39878702,-0.006143106,-0.027583063,0.04672708,-0.039517514,-0.9155429
8.366143,0.821407,0.34433722,-0.28409827,-0.00509635,-0.2636857,0.019215051,0.09874703,0.8261638
3.7792199,0.5352165,-0.031824056,-0.084834196,0.018672137,-0.006864537,0.27499896,-0.21955867,-0.07744765
6.2873874,0.2219964,0.1280743,-0.46203977,-0.008675379,-0.046670496,-0.2156209,-0.16924669,0.50729877
10.24518,0.83913034,0.38963678,-0.20697623,0.029098764,-0.42465043,0.15796714,-0.44862697,1.37871
8.665202,0.31119117,0.331528,0.023070717,-0.050919175,0.121008195,0.5836253,-0.5390842,0.84103316
8.212787,0.4277374,0.19027337,0.1148698,-0.003999482,-0.33698326,0.097443976,-0.06750604,0.61754215
1.5184312,-0.49440113,0.2503468,0.87839943,0.055366322,0.06785519,-0.5214672,0.2640657,0.87539446
0.56716925,0.59889334,0.19526097,-0.116285786,-0.012360888,0.012741376,-0.8129495,-0.1292545,-0.59845287
-4.0371604,0.4729805,0.2041432,-0.14831634,-0.012971328,0.025872273,-0.7740411,-0.0032761197,-0.9587761
12.806217,0.835189,0.2575521,-0.16224994,0.0032418258,-0.8240593,-0.24327663,0.02411446,1.151378
7.3702536,0.19337015,0.26902542,-0.09220076,-0.0066930293,-0.05449595,0.049076423,-0.49495476,0.7875926
3.3186374,0.34011006,0.16926321,-0.20558104,-0.007797125,-0.01712123,0.29497078,-0.2788698,-0.06079906
-11.469005,-0.3388731,-0.942482,-0.07475848,0.0063714297,0.04401145,0.14981444,-0.023217956,-1.5957989
7.1019053,0.40564707,0.2201216,-0.14870846,-0.023090146,0.11834361,0.12982506,-0.032382276,1.3173642
-11.334635,-0.2336191,-0.9300143,-0.07249207,0.0004188103,0.019568497,0.062758185,0.11084346,-1.5963339
6.257811,-0.113496765,0.37441304,-0.06014086,-0.17938821,0.13272321,0.1650425,0.32643393,1.4852338
7.4932423,-0.28519267,0.33381945,0.44807306,-0.026472539,0.17462409,-0.010722947,0.74793434,1.4876398
7.7587757,0.42321235,0.16410758,-0.009754294,-0.031369172,0.15697856,-0.22227323,0.5632168,1.202514
4.4658837,0.7636052,0.1879794,-0.103520624,-0.007301556,0.045542393,0.28881645,-0.17823665,-0.68195677
8.628559,0.17741539,0.06946148,-0.6298336,-0.0038334692,0.038628653,-0.19781812,0.2839529,0.840614
12.785991,0.87092245,0.30807924,-0.054878265,0.0025590316,-0.11026667,0.50358975,0.33792797,1.3949262
7.776284,1.0952191,0.45597133,-0.051040407,-0.004948789,0.09286232,0.093748115,-0.22514966,1.2755235
0.6183093,0.38828346,0.19820938,-0.0993567,-0.010153012,0.09473832,0.11482891,-0.2181885,-0.63968045
-6.068533,-0.9440167,0.16619287,-0.1298471,-0.012927322,0.060583174,-0.7995415,0.09372344,0.48336717
7.872633,0.3720817,0.25727546,-0.056238603,-0.008357294,-0.17666721,0.13126741,-0.3483964,-0.25238764
8.639633,0.29745904,0.34265795,-0.093576826,-0.012605913,0.15647964,0.07244417,-0.31143084,0.2979063
6.854136,0.42478687,0.22919846,0.037691236,0.006832567,0.06955898,0.6182092,0.12925279,1.2060385
-5.2249007,-0.03501071,0.122021064,-0.2012395,-0.027387088,-0.08891573,-0.5774743,-0.009346257,-0.8109094
-11.72509,-0.32032874,-1.419687,-0.06691355,-0.06414465,0.07453958,-0.53015023,-0.52367854,0.27209222
-5.839596,-0.11695342,-0.07558069,-0.2406644,-0.004631728,-0.010813322,-0.012646853,-0.04832238,-0.9355654
-9.727157,-0.3909964,-0.57144433,-0.21793927,0.0019121594,0.038961004,0.030792402,-0.027329858,-1.1717485
-8.467454,-0.21579893,0.20804124,-0.761519,-0.061770923,0.016886491,-0.09841738,0.015450234,-1.0648094
-2.3581448,0.036736865,-0.18861027,0.116615675,-0.027262397,-0.09930229,-0.2115577,0.012348243,-0.7873955
8.403452,0.35142618,0.19283104,-0.026628032,-0.0103201475,0.07190374,0.16963084,0.2170596,1.2110806
-5.1310616,0.14754352,0.22358547,-0.24531192,-0.03068169,-0.08615316,-0.7725202,0.011825555,-0.8428652
6.077943,0.6891874,0.34894875,-0.03369235,-0.00068163034,-0.032507543,0.09034529,0.31897405,1.3327702
-4.059401,-0.049102556,0.22659042,-0.18956733,-0.1267684,-0.254296,-0.39123228,0.0025932826,-0.95381343
0.8492351,0.6359717,0.2151513,-0.2424557,-0.011201983,0.020376747,-0.20819724,-0.14887004,-0.7709344
-11.503244,-0.58549637,0.19814493,-0.057183053,-0.09576778,0.08064961,-0.34212464,-0.40034625,-1.542218
-7.269589,-0.15974057,-0.04466114,-0.34464094,-0.06482871,-0.02106629,-0.24382591,-0.0007374868,-1.0381662
14.18097,0.9212349,0.407626,0.0880157,0.006758369,-0.07787154,0.4746867,0.120715536,1.2213632
-6.673655,-0.029830495,0.18193595,-0.42935604,-0.12998019,-0.050929815,-0.36353886,0.023713376,-1.1276604
-4.169215,0.07463761,0.22093555,-0.19029056,-0.12365012,-0.041128103,-0.42295972,-0.038272843,-1.0004326
-11.4932785,-0.39171427,-0.837878,-0.080988474,0.003178445,0.045895047,-0.092137605,0.09962566,-1.5005246
-3.7209024,0.05128796,0.21067588,-0.15868016,-0.1233173,-0.114765614,-0.4018967,-0.023452476,-0.8139165
-2.3360803,-1.270476,0.2631606,-0.008832294,-0.09330403,0.055523776,0.0034202042,0.2634972,0.89802104
-11.73986,-0.89959323,0.13461857,0.047430895,-0.1946333,0.024640663,-1.8405446,-0.20471436,0.4522514
-11.499304,-0.3858885,-0.9526877,-0.08795216,0.006814775,0.036092803,0.005057156,0.12842786,-1.4984636
6.9931526,0.30091903,0.24919797,-0.13013539,-0.0061362237,-0.043603886,0.35230076,-0.4366946,0.54295117
4.4707065,0.36138442,0.1534799,-0.07097942,-0.010349984,0.023888085,0.1551293,-0.13925698,-0.078419685
11.566561,0.7147468,0.62942344,-0.0055447184,-0.061218496,0.15475166,0.11251793,-0.49777454,1.62246
-6.4748635,-0.22859612,0.1560628,-0.6751941,-0.011740435,-0.0040277843,0.07246812,-0.007331463,-1.0356789
-5.4771714,-0.09601253,-0.03983796,-0.17192772,-0.051162872,-0.06916566,-0.25510123,-0.042622156,-0.97418493
9.95902,0.73497677,0.28798965,-0.018128939,-0.00024224473,0.11897214,0.2529616,0.2684212,1.2767892
-8.608083,-0.35860574,-0.4737153,-0.1727505,-0.0049513564,-0.051540613,0.05043479,-0.025680123,-1.2054634
11.723566,0.5223185,0.11060996,-0.056625728,-0.0010406309,-0.53687906,-0.03080203,0.3661783,1.1874439
-11.314816,-0.2860257,-0.9036464,-0.09024059,-0.0048351986,-0.17006075,0.07519957,0.094559,-1.5240443
-11.193555,-0.40475678,-0.79748493,-0.15403605,0.005899938,-0.14454456,0.15299001,-0.13336246,-1.578917
-11.2291,-0.4388782,-0.81002104,-0.14192708,0.0052018734,-0.14684112,0.15482485,-0.10737356,-1.5367862
-11.568923,-0.33669308,-0.94070673,-0.08170732,0.0061752913,0.05126934,0.071329586,0.14779697,-1.5965134
-11.489645,-0.31950212,-0.84499097,-0.070458926,-0.0028608409,0.04360646,-0.089039534,0.10188306,-1.5768174
-1.4541031,0.53990406,0.15584765,-0.12804322,-0.020610536,-0.026563829,-0.4816135,0.015025488,-0.99655634
7.252421,-0.06853197,0.2863549,0.045199167,-0.07782576,0.12622267,-0.1806254,0.32794833,1.4838619
-0.97748125,0.62814575,-0.26120612,-0.06779721,0.0011405263,-6.5453933e-06,-0.010024408,-0.07235648,-0.9401844
0.34443566,0.5972744,0.2600291,-0.047906797,-0.020314349,0.041377608,-0.15902244,-0.10347534,-0.7070125
-4.3789167,-0.031499397,0.20368448,-0.16490903,-0.12377868,0.013896895,-0.335003,0.003812541,-0.87534344
2.048226,0.7269696,0.11600041,-0.027013695,-0.033960328,0.020806843,-0.77530205,-0.18390015,-0.58669037
-11.490671,-0.4381197,-0.6058533,-0.09199935,-0.0761991,0.057990197,-0.19101748,-0.024379876,-1.3875573
-11.500416,-0.4736479,-0.5375678,-0.116164595,-0.041938048,0.058942813,-0.17990528,-0.08861962,-1.3702856
-10.502552,-0.26261288,-0.8705014,-0.09432406,-0.026753178,0.013816604,0.05011727,0.08357108,-1.5435504
-0.9955385,-0.88748753,0.28570214,0.19264734,-0.05148171,0.06143341,0.010432922,0.16359256,1.2286999
-2.7232203,0.027173873,-0.22727683,0.030356495,-0.0263702,-0.11394722,-0.22348876,0.0068645133,-0.8463253
-3.9491403,0.021914035,0.14321351,-0.09557825,-0.10214761,-0.01991128,-0.33168325,-0.011805926,-1.0029091
-3.6871152,0.0038274531,-0.282544,0.0698703,-0.046796232,0.009677275,-0.46775922,0.041063,-0.67938423
-9.046207,-0.36181885,-0.6769286,-0.07798565,-0.019636203,0.009314208,0.029071467,-0.020423992,-1.1375506
8.312162,0.32258958,0.31377903,-0.22462013,0.00080158055,0.08294507,0.10433504,0.32861462,1.1159713
7.494906,-0.049775563,0.2537562,-0.057972945,-0.0071519734,0.10778404,-0.1204956,0.27840012,1.4877677
4.5866647,-0.46723655,0.23006281,-0.06919653,-0.172609,0.20553793,0.10259352,0.22069825,1.0432583
3.4879477,0.3929539,0.20693044,-0.15914051,-0.015411983,-0.07755318,-0.17847528,-0.12591226,0.009689607
-7.2708797,-0.08335739,-0.040454112,-0.23790035,-0.06595738,0.004367176,-0.2722999,0.009171324,-1.0518665
5.8288503,0.4919891,0.29189292,-0.12523569,0.0033381598,-0.037369765,0.4236551,-0.38266096,0.71800464
-11.294205,-0.37387118,-0.93002874,-0.105268106,-0.053422153,-0.05325097,0.14138022,-0.06399381,-1.5155352
-8.219246,-0.26082832,0.24586271,-0.8674998,-0.022314947,0.024437586,0.021393152,0.06588223,-1.0704789
-6.200893,-1.6112846,0.23147468,-0.13291901,-0.027747216,0.062191885,-0.29294077,0.08579564,0.77080053
16.640732,0.88708496,0.35743022,0.08964622,0.0073271724,0.06885797,0.25183222,0.1114456,1.1553386
-6.4681168,-0.19087237,-0.065110415,-0.43349203,-0.0040405043,-0.047860265,0.010840879,-0.019406654,-1.0083266
13.655125,0.773329,0.51202065,-0.03195241,0.012844669,-0.06087161,0.60337985,-0.0852022,1.3877192
11.912982,0.99890965,0.3728689,0.027419673,0.0047477214,-0.21041268,0.1976767,-0.5383719,1.3738679
5.903097,0.44002002,0.21766548,-0.059879217,0.01787454,0.14130224,0.34572372,-0.26870298,-0.19708815
-3.3744152,0.5055307,-0.36315998,-0.2386195,-0.0052704387,0.008085567,0.01366855,-0.078416824,-1.0772527
6.5923004,0.377372,0.16742899,-0.19391079,0.0048313215,0.10493815,0.21503583,-0.17113738,1.1231465
-11.483585,-0.4309902,-0.6012699,-0.09618383,-0.07367657,0.058916144,-0.19634792,-0.025336158,-1.3993351
9.350932,0.40092957,0.2969529,-0.0724833,0.01602899,0.09563341,0.5022311,0.09301908,0.43369728
-11.51477,-0.38660803,-0.95374286,-0.08771273,0.0064805765,0.048743937,0.014162822,0.14539485,-1.5198522
5.6968513,0.44993952,0.17204157,0.060519632,-0.001622046,0.017006194,0.22233763,-0.24466833,0.14706755
-11.494639,-0.3194251,-0.7311024,-0.05192311,-0.010833486,0.05744418,-0.2328028,0.14005603,-1.6045973
-3.5535576,-0.010780141,0.2323819,-0.15239862,-0.041690186,-0.08368405,-0.5859381,0.020684963,-0.7048906
-4.2663813,-0.045152377,0.23277174,-0.22045745,-0.12614422,-0.08001732,-0.42421368,-0.0008265169,-0.8714605
-6.273555,-0.09681704,-0.08228789,-0.3576249,-0.0048653074,0.004597537,-0.024879284,-0.019859197,-1.0273367
-11.446934,-0.3034394,-0.95657575,-0.07634182,0.008097218,0.0057232794,-0.026982004,0.15515903,-1.6071879
6.2577825,-0.22800143,0.23462619,0.20031181,-0.055642687,0.19659072,0.22622955,0.6755834,1.7097014
8.231335,0.44581783,0.06425623,0.012084855,-0.028530272,0.08291731,-0.27246842,0.4410503,1.24806
-11.534546,-0.38873646,-0.94025815,-0.08384059,0.006222638,0.04882821,0.014878988,0.15136878,-1.5218184
-5.6567936,-0.18299705,-0.083396584,-0.36099723,-0.0008106032,0.0015506417,0.16357842,-0.043974973,-0.9842596
-4.455629,0.100819714,0.22478281,-0.22638072,-0.124586865,-0.08895748,-0.43248066,0.03171738,-1.0143018
4.9467373,0.2691215,0.13045137,-0.21441528,-0.0036221622,-0.5545079,-0.24037209,-0.15199302,-0.40854797
2.4735565,0.660439,0.17690566,-0.17006719,-0.02140195,0.013025355,0.10900837,-0.02363468,-0.613895
8.453885,0.42689475,0.33515626,-0.0061236816,0.0018698958,-0.22363351,0.2523382,-0.31220907,0.5708557
8.132573,0.41086605,0.06552968,0.11824102,-0.032979503,0.13762084,0.56910247,-0.3137747,0.8702903
-11.557553,-0.33051434,-0.9402913,-0.07449896,0.0092834905,0.052039415,0.05037797,0.15201132,-1.608762
-7.533084,-0.18957213,-0.058749013,-0.47547972,-0.012172632,-0.02804673,0.11295611,0.018362038,-1.0540637
-9.756209,-0.31707495,-0.58653885,-0.23365928,0.0008523377,0.05365207,0.04174942,-0.02872802,-1.1606314
-10.936039,-0.26301003,-0.849189,-0.035456374,0.002139681,-0.029370133,0.11288907,0.11584209,-1.640005
5.270311,-0.30083495,0.323312,-0.101442434,-0.0042123953,0.21334277,0.3986146,0.03440482,1.4892712
9.027155,0.13628815,-0.05788754,0.016069574,0.0087698875,-0.16001225,-0.22510265,0.37097597,1.1666144
6.4938483,0.4247675,0.24548484,0.07778254,0.0064878617,0.21694516,0.20567536,-0.34093085,0.0154151665
-7.407105,-0.058489427,-0.029765086,-0.29429567,-0.06671171,-0.024718871,-0.2597067,0.0017221388,-1.1124923
-11.449088,-0.3019306,-0.93273914,-0.047914665,0.0053638765,0.016157795,-0.08481095,0.15145162,-1.6048844
-2.8838563,-0.79364944,0.21419038,-0.15999787,-0.058107853,0.060524285,-0.66290665,0.2932891,0.58679193
-2.124695,0.54227483,-0.027090466,-0.054542452,-0.012206902,-0.00607797,-0.52981734,-0.096346,-0.7333709
-8.8176155,-0.31780908,-0.5584527,-0.18227352,-0.019741315,0.014923375,0.080966555,-0.009631761,-1.1526357
-7.628886,-0.181321,-0.48879623,-0.2677134,-0.00603789,-0.14376408,0.06585133,-0.020098323,-1.0744412
5.0781913,0.3310554,0.26169714,-0.08620239,-0.00740556,0.27881354,0.053224087,-0.3161341,-0.07296917
-11.436559,-0.31986383,-0.9376762,-0.07596134,0.006062785,0.02551935,0.07962488,-0.00013890816,-1.5920984
7.766872,0.10183344,0.19308327,-0.1900902,-0.011565283,0.15051429,0.074733034,0.11531782,0.9557182
2.2082636,0.626272,0.19152641,-0.17457715,-0.016031448,0.058538735,0.059027042,-0.023622805,-0.569696
-5.2276554,0.10680456,0.2290465,-0.18859772,-0.10995056,-0.069312654,-0.6331364,0.04981712,-0.8590143
-10.989901,-0.2707451,-0.90223306,-0.07988328,-0.02502111,0.009025083,0.07817849,0.07145674,-1.5054858
-2.547331,-0.07552647,-0.34013495,0.12184928,-0.005938873,-0.096148446,-0.0021303843,0.06609341,-0.7614436
10.792284,-0.05875694,0.12615535,0.55189896,0.033473134,0.13750961,-0.1448385,0.3940227,1.2229164
-6.2678156,-0.0929396,0.20807256,-0.30844548,-0.1273117,-0.016952353,-0.37913433,0.030757675,-0.9803155
12.54761,0.8217808,0.6472317,0.17255405,-0.011534882,-0.28622445,0.31152028,-0.26835382,1.3586282
2.3619592,0.7049978,-0.061281092,-0.14955494,-0.017052038,-0.00057672046,0.12800455,-0.19009079,-0.5170844
3.605827,0.8285266,0.02757503,0.03643651,-0.0030240135,0.01921281,0.039293826,-0.084007606,-0.5570642
5.0559573,0.42631304,0.42788646,-0.01935712,-0.035341214,0.17346656,0.3894219,-0.024195373,1.3557339
-0.826941,0.6408825,0.15893605,-0.053578053,-0.015256252,-0.10499954,-0.6092489,-0.047065824,-0.7471885
7.75855,0.39751682,0.14378016,-0.016853724,-0.026997644,-0.21820217,-0.23895049,0.5653898,1.3126043
-7.6738563,-0.17818493,-0.5488416,-0.18675013,-0.0044439565,-0.020363402,0.095378466,-0.025358332,-1.0357997
8.135877,0.3736341,0.22789887,-0.021130491,0.016427388,0.16346008,0.31758383,-0.17789327,0.4710581
-5.43611,-0.08501891,-0.036465745,-0.12925719,-0.051680032,-0.010363003,-0.2452644,-0.043493636,-0.9943022
-8.949044,-0.8866452,-0.41522262,-0.4423245,-0.09620297,0.05901423,-0.6801969,0.019048192,0.55940205
-1.1752353,0.44222736,0.0151959,-0.12209967,-0.012962511,-0.087287284,-0.3026714,-0.10876612,-0.8721954
5.6397886,0.36033222,0.21017094,-0.0349895,-0.0056123654,0.12854615,0.11730927,-0.24812998,-0.20404059
-4.984232,-0.059069905,-0.021689568,0.0056150146,-0.050132297,-0.001821937,-0.24225235,-0.034674086,-0.91376096
-2.1416016,0.5419473,0.0020089317,0.08205632,-0.0028558879,-0.21816362,-0.60321,-0.058278084,-0.7233053
-2.230258,0.5916072,-0.31264743,-0.07726476,-0.0038924399,-0.0083225425,0.042552695,-0.0808305,-0.9377184
3.9335935,0.35367972,0.20092168,-0.110411175,-0.007373398,0.094549716,0.11369684,-0.22745942,-0.0104839
-9.302049,-0.35856175,-0.5412608,-0.18153171,-0.0044373777,0.021748975,0.052323338,-0.0216125,-1.1578112
3.6758258,0.63650024,0.25928968,-0.08687746,-0.0016785869,-0.0420009,-0.0035816904,-0.16086125,-0.62368566
-11.219266,-0.22993523,-0.9583775,-0.074085236,-0.0011354175,0.0008086417,0.10493015,0.076765224,-1.5176241
-5.1748624,0.11456551,0.23136662,-0.16716884,-0.12133014,-0.0023266298,-0.48230222,0.0028440685,-0.99564016
-11.488985,-0.32404605,-0.93709946,-0.080243275,-0.042657174,0.05409269,-0.016729996,0.15014121,-1.5629361
12.089905,0.8735619,0.42653105,-0.020421812,-0.0006254154,-0.15252087,0.32942402,0.0563724,1.5361127
-5.2838855,-0.076928504,-0.0012082609,-0.15992184,-0.012615653,0.025352167,-0.5049133,-0.037128624,-0.80199635
7.9981694,0.4180401,0.27739772,-0.07421168,-0.0035961317,0.03184531,0.27827734,-0.41346544,0.38420585
-10.491501,-0.15260597,-0.96603155,-0.059210144,-0.017210666,-0.01916707,0.07394254,0.071897574,-1.578213
-3.3396924,-0.18329237,-0.40221506,0.0051200693,0.0022305704,-0.04492491,-0.035179745,0.07659405,-0.79368186
2.5337093,-0.31494206,0.25982356,-0.18715031,0.23587814,0.071943045,-0.0055408305,0.08829582,0.82677424
-2.6578736,-1.259291,0.2125308,0.09966443,-0.004892614,0.054668274,-0.34153983,0.22608311,0.8555849
8.820574,0.93395513,0.5787027,0.038772702,0.03884041,0.14223336,0.25418168,0.5885861,1.6352866
3.6705651,-0.50496656,0.27954665,0.19603075,-0.088711984,0.2331534,0.18672363,0.27953765,1.4297644
12.433844,0.19117002,0.2557511,-0.00034065187,0.0059629004,-0.10434016,-0.27434835,0.37773326,1.0875139
-4.0412602,0.5363655,-0.26192036,-0.06390152,-0.05264478,-0.009977152,-0.5084396,-0.054987106,-0.9161802
9.732869,0.95984834,0.51602185,0.067692555,0.019198805,0.087862864,0.27599582,0.12536165,1.4212993
-6.798,-0.14991724,-0.040289734,-0.33435202,-0.055729475,-0.03556359,-0.251521,0.0013627878,-1.0442399
-11.230566,-0.40495634,-0.7993706,-0.1611756,0.0029312724,-0.11034904,0.15773189,-0.124352485,-1.5785275
1.0439544,0.6625534,0.2059164,-0.29401174,-0.026592756,0.022205457,0.07527427,-0.25124547,-0.8479252
-0.06262252,-0.8328872,0.16332637,-0.13424923,-0.05010458,0.057382584,-0.3791179,0.2833304,1.2562938
-11.230206,-0.42064905,-0.8047941,-0.14800477,0.004069878,-0.14506195,0.17032748,-0.10126594,-1.5753181
13.740484,0.86155903,0.3103725,0.06512073,0.0020485416,-0.21915284,-0.62410855,0.033055518,0.9521226
4.00868,0.7470715,0.26995522,0.00014153874,-0.004732414,-0.05325052,0.14873631,-0.21724063,-0.51528794
11.396956,1.0181556,0.5026978,0.20275876,0.0033548358,0.19943964,0.34936136,0.74099076,1.2297435
-6.8656754,-0.1367775,-0.029373635,-0.28307644,-0.062345482,-0.0965847,-0.2666368,0.0017223511,-1.0510836
5.1317163,-0.119754,0.25569898,-0.059084885,-0.10917618,0.17392053,0.112537794,-0.17394695,1.3273581
-5.514265,0.104676604,0.23487629,-0.24180287,-0.11614961,-0.032741856,-0.47015238,0.013583786,-1.045739
-5.5565543,-0.076166056,-0.016630176,-0.07777037,-0.053415284,-0.10156901,-0.24554323,-0.032010686,-0.9847326
-8.906113,-0.28294492,-0.5760425,-0.2009065,-0.0051425057,0.026066992,-0.021225456,-0.021421041,-1.1289179
9.278774,0.26810578,-0.07150481,-0.45672396,-0.011847937,-0.24099383,-0.027608743,0.1711315,1.1263325
-7.5488997,-0.05740347,-0.031330302,-0.29562643,-0.067331076,-0.021754581,-0.2589773,0.010831545,-1.1166786
8.821733,1.0197333,0.45510235,-0.005081143,0.009132791,-0.20281751,0.052038074,0.04758914,1.0847046
-10.798434,-0.23216292,-0.91848844,-0.04177292,-0.0027562962,0.029343482,0.06572077,0.077039525,-1.5543448
7.819686,0.35722747,0.20447576,0.038225863,0.003944156,0.13937463,-0.15636435,-0.3407932,-0.08224938
11.3821745,0.57765746,0.22121832,-0.031106116,0.011446185,-0.030892523,0.24759138,0.045792617,1.2083648
13.90791,1.0273085,0.46133813,0.10867991,-0.0021007129,-0.062402338,0.2820949,-0.009165601,1.3304818
1.7912123,0.5771581,0.20838936,-0.10778206,-0.01680112,-0.0347244,0.0777306,-0.14616822,-0.5092676
-11.420848,-0.66267836,0.17530611,-0.11106225,-0.005355789,0.06276717,-0.614773,-0.49143925,-1.1490275
-7.521593,-0.18315066,-0.028219385,-0.36312756,-0.065696746,-0.09964382,-0.24983501,0.019197954,-1.0395273
8.166213,0.96864027,0.48314655,-0.016852524,-0.0067532407,-0.04150774,0.14205645,0.05192029,1.2872089
-7.3310604,-0.16408437,-0.2782428,-0.14418016,-0.041778944,-0.09145685,-0.22652309,-0.014712327,-1.0321864
-10.7807255,-0.25576317,-0.869024,-0.087964796,-0.031396765,0.04657061,0.062217135,0.08717707,-1.5495763
-5.716984,-0.07533006,-0.076643236,-0.19675499,-0.008941803,-0.007728106,-0.05480585,-0.044705827,-0.93253565
-5.0671067,-1.4114733,0.23127407,-0.3529185,0.08857342,0.059325986,-0.2275424,0.19176072,0.832846
-10.228759,-0.23980793,-0.8956919,-0.06143824,0.0053430963,0.032712832,0.06967912,0.08053369,-1.543617
-6.1620846,-1.9345826,0.18880701,-0.46831447,-0.05949828,0.05864743,0.06874107,0.18102263,0.74849266
-0.22273725,0.5076828,0.1864578,-0.14364353,-0.022084063,0.010665666,-0.6970321,-0.019383486,-0.7798594
12.499212,-0.023275312,0.26149386,0.44415417,-0.01527818,0.06627596,-0.94375026,0.33296302,-0.13442527
3.9406457,0.39782324,0.20092417,-0.10886157,-0.017069006,0.00083654706,-0.1650378,-0.18570912,-0.013216974
12.230932,1.0329127,0.42569512,0.16034588,0.014472219,-0.1442357,0.6742706,-0.1022873,1.6360662
0.9426483,0.56930614,0.06648219,-0.25316316,-0.022080615,-0.3145292,-0.65702814,-0.15258537,-0.8801406
9.566459,0.53058547,0.06860254,-0.2568189,-0.07512896,0.06833843,0.27616736,-0.13767348,1.1207783
-1.6890322,0.5174293,-0.17679764,-0.00020459208,-0.020242272,-0.010807446,-0.269705,-0.046630654,-0.90193075
-6.516094,-0.094331056,0.21244049,-0.34760383,-0.11689793,-0.020953912,-0.34894064,0.036095195,-1.0278746
3.1743526,0.8789927,0.014457961,-0.037957665,-0.007074069,-0.026235297,0.13402265,-0.116516545,-0.6332107
3.0453913,-0.35117424,0.23625858,0.38951078,0.058686983,0.16705322,-0.2849076,0.34079674,1.2000515
-6.457945,-0.10851671,-0.03756079,-0.27714965,-0.05758031,-0.03438288,-0.25786653,-0.0018337393,-1.0822124
2.9203107,0.90735763,0.0072399667,-0.028485853,-0.010341376,0.0007036865,0.1509781,-0.1402837,-0.6242506
6.06964,-0.18798727,0.20871757,0.24097995,-0.03863312,0.25002483,-0.23551174,0.6403313,1.4881498
9.510394,0.79298437,0.44849578,0.15847841,0.0064866487,-0.07420841,0.4415682,-0.12574889,1.4169124
8.922312,0.38247615,0.22260647,-0.14321074,-0.001036765,-0.13916299,0.35607162,-0.13032396,0.3775953
2.299292,0.6484876,0.22711147,-0.0391118,-0.027034814,0.05311275,-0.11965511,-0.095347516,-0.5576941
-0.4464857,0.59558505,-0.030668475,-0.15122446,-0.004151409,0.008237321,-0.027959133,-0.15162882,-0.86833864
1.2827543,0.6749246,0.23139127,-0.102991186,-0.016041836,0.036154177,0.15233104,-0.04968722,-0.5175629
-0.70502317,0.75874966,0.16386512,-0.1509656,-0.023429943,0.04117261,-0.3730464,0.045630224,-0.8488433
6.9935107,0.41711015,0.3097012,0.1267763,0.0005225238,-0.02748735,0.13733989,-0.14175244,0.6920151
11.561713,1.0085242,0.51307124,0.07428397,0.0005041214,0.19617978,0.16566044,0.2821833,1.5842241
-7.1434956,-0.07283866,-0.042092457,-0.29086816,-0.06563783,0.004993463,-0.25541037,0.0024067108,-1.0614647
7.3393226,0.36028895,0.23698014,-0.4088526,0.016361792,0.1432282,0.44107494,-0.22880657,0.8102303
-4.7372475,0.16505004,0.2289054,-0.22637036,-0.044465903,-0.2804894,-0.8016632,0.020921726,-0.8436931
12.594007,0.86094314,0.4757982,0.026533455,0.001461245,0.114821464,0.3246402,0.3482819,1.4827394
-6.1629024,-1.5841575,0.230144,-0.1018528,-0.020734226,0.068944395,-0.27975875,0.126453,0.8057702
6.661809,0.4282584,0.21737291,-0.13639137,0.0027388942,0.055013824,0.51655203,-0.119581856,1.3665462
-2.6036453,-0.039599333,-0.2278665,0.20804375,-0.011133965,-0.1312189,-0.45600745,0.100269414,-0.70754296
3.718452,-0.3116116,0.23383363,0.2009614,-0.118098564,0.30161363,-0.10305196,0.32084128,1.4127152
-5.6517835,0.015804,0.20963027,-0.25734004,-0.12883168,-0.049258064,-0.41100734,0.03066414,-0.9819261
1.0037093,-0.7394693,0.25195536,0.5280866,-0.028368067,0.05340654,-0.2817012,0.38851598,1.0747186
5.847444,0.3261342,0.27907413,-0.07310536,0.0037796996,0.100597255,0.4246688,-0.33286676,1.0797361
-7.6526356,-0.09428921,-0.058015253,-0.2888932,-0.06292074,-0.038749263,-0.26666492,0.00081794837,-1.0614042
-11.230212,-0.38924238,-0.88614553,-0.094495155,0.004436339,-0.14886014,0.15145889,-0.08229065,-1.5768218
-11.24769,-0.22786528,-0.7591237,-0.03137293,-0.006276764,0.05885648,-0.096211106,0.124407455,-1.6735761
-11.514748,-0.39380133,-0.940245,-0.08211546,0.0066055874,0.05051796,-0.003195695,0.14919138,-1.5201132
-3.6660068,-1.648616,0.24508034,0.19142775,-0.040454835,0.04390053,-0.05132998,0.23418398,0.83714634
-7.302031,-0.10715388,0.22097808,-0.38194603,-0.14328109,-0.004205099,-0.3491172,0.05734877,-1.1254109
10.703896,0.76294684,0.25147644,-0.21580754,-0.08954897,-0.31216258,0.18735214,0.16681503,1.3246837
6.5285854,0.39627028,0.27743652,-0.019158153,-0.009174341,-0.261169,0.38457415,-0.049922593,1.522004
-2.146119,-0.9501258,0.2927705,0.4025114,-0.026600653,0.07195145,-0.1320945,0.27563986,0.47518346
3.1899152,-0.3889873,0.25402597,0.49262923,-0.0118431505,0.17330053,-0.020906556,0.35491994,1.1917748
2.2120647,0.34883124,-0.02357947,-0.007912021,-0.018413363,-0.0958274,0.12339977,-0.14179412,0.04071968
1.2279135,0.4654246,0.19608246,-0.065145805,-0.018435583,-0.030342374,-0.46665815,-0.052554235,-0.6714668
5.578903,-0.3547876,0.26591262,0.17889896,-0.088872746,0.19984749,0.18473415,0.6306425,1.5115001
13.140629,0.66525126,0.41582558,0.03301721,-0.021776844,-0.07157791,0.55990297,-0.4078265,1.4732459
-11.270504,-0.40999812,-0.7971842,-0.16212939,0.0063250433,-0.095733136,0.17170636,-0.120554194,-1.5696394
2.733524,0.5456792,0.10317458,-0.28259096,-0.013650893,-0.47297415,-0.031333916,-0.07727897,-0.604606
-8.49654,-0.32420057,-0.5054482,-0.15840603,-0.009390559,-0.08729227,-0.09962924,-0.011502412,-1.1467074
-9.877928,-0.4208996,-0.60755646,-0.19786021,3.004384e-05,-0.015505765,0.1265697,-0.021188855,-1.177614
9.604725,0.8785435,0.38093567,-0.22419833,-0.0036462436,-0.108287275,0.34715745,-0.17067409,1.4347807
-2.3419728,-1.0190526,0.21537398,-0.36548427,-0.06797037,0.058134332,-0.086170785,0.2792084,1.1895336
2.921031,-0.45838323,0.5145101,0.41491464,0.09900479,0.059861146,0.36697203,0.23006985,0.6313859
6.3786383,0.32724845,0.31302333,-0.14321107,0.0043270634,-0.2670787,-0.27946725,-0.103053026,1.1301672
-11.479537,-0.34220132,-0.9393814,-0.07533117,0.0056981845,-0.0047054174,0.11946712,0.04189824,-1.5732318
-3.8845727,0.14754102,0.016229676,-0.044862982,-0.024854487,-0.07542997,-0.55317336,-0.052508127,-0.8000542
-1.3667642,0.55686164,-0.16170219,-0.022964822,-0.007254137,-0.049098246,-0.4810696,-0.06106497,-0.7517975
14.187342,0.8392057,0.48526254,0.13151793,0.011798805,-0.030652286,0.31586054,-0.026658244,1.4263495
0.23391163,0.5077417,-0.033744644,-0.10878404,-0.01528579,-0.0048330114,-0.19280587,-0.12686668,-0.88167274
4.822034,0.6826044,0.011989337,-0.08769407,-0.020063566,-0.13948178,0.2971004,-0.35025197,0.75834113
-8.352696,-0.293308,-0.5503395,-0.22696954,-0.0043579703,-0.017820133,0.093001604,-0.006158979,-1.1379749
-6.441192,-0.083426096,-0.08189137,-0.42369136,-0.008145749,-0.14888932,-0.017004354,-0.028534062,-1.0545272
-2.075839,-1.1662943,0.27887574,0.033816036,-0.08634332,0.06162626,-0.0066053555,0.23097123,0.8743264
9.119808,0.8075135,0.39046445,0.11596111,0.008441422,0.09978063,0.10874422,-0.27985352,1.0062091
7.744405,0.35940558,0.12082056,-0.08376687,-0.013394382,0.08769915,0.2549878,0.3990285,1.261362
-11.558898,-0.33505353,-0.9405592,-0.07353518,0.00842857,0.05357416,0.052575834,0.15260972,-1.6071147
-10.570983,-0.3032303,-0.5144923,-0.17705001,0.0036990354,0.036816597,0.035143193,0.04296269,-1.5740116
9.062936,0.31502187,0.29815397,0.092360415,-0.001647193,0.029480021,0.42503023,-0.49415192,0.4790298
12.95741,1.1128186,0.38301876,-0.052569777,0.032510918,0.13881055,0.37358057,0.6649854,1.7944299
9.969808,0.39156273,0.18487287,0.27312362,0.20118904,0.24005628,-0.3069412,0.6374481,1.1278324
3.516558,0.9357461,0.26123306,-0.13473272,-0.0057049883,-0.009963264,0.27035424,-0.16334744,-0.75710535
-6.6703053,-1.8764256,0.19392174,-0.4654313,-0.09061648,0.049058437,-0.06352234,0.06615705,0.7347478
-11.502099,-0.34334525,-0.9427441,-0.06635506,0.005762696,0.024801483,0.16924237,0.019095246,-1.6079842
-3.5463672,-0.015282059,0.121416375,-0.07526274,-0.10108597,-0.08316813,-0.31731716,-0.02638503,-0.82751495
4.6489053,0.35941356,0.2223868,-0.051721327,-0.011703548,-0.077884614,0.109772705,-0.29885554,-0.09196572
-11.178689,-0.4285493,-0.7802745,-0.1946783,-0.0013191953,-0.1679121,0.15693893,-0.13931616,-1.5157522
9.018101,0.8217667,0.34796917,0.050579358,-0.01666178,0.25630033,0.11901453,0.5770243,1.1341155
5.567328,0.28148016,0.24161495,-0.14413974,-0.008256384,0.018246561,0.12886478,-0.3595338,0.6136271
-7.432809,-1.6832329,0.12981054,-0.20081918,-0.034573372,0.07244013,-0.40348348,0.07210592,0.61127764
1.3427519,0.77205724,-0.014192143,-0.11625335,-0.03486173,0.04643937,0.19946598,-0.237456,-0.84472984
-3.593111,0.17805783,-0.20252517,-0.04575748,-0.015084253,0.010402936,-0.48439705,-0.022925671,-0.7644625
1.8260467,-0.5955134,0.2572631,0.36341828,-0.0036635462,0.05904029,0.07153946,0.007202749,1.1521099
-6.8487043,-1.8190457,0.23427932,-0.5023984,-0.02799993,0.053693406,-0.012427009,0.18597864,0.7187757
-11.497924,-0.47694677,-0.4149489,-0.10560683,-0.04832339,0.06243368,-0.1871632,-0.09987722,-1.4753934
-11.52296,-0.33912006,-0.9384148,-0.076473825,0.0054058656,0.04565621,0.10717563,0.039576646,-1.5679222
-6.381621,-0.13482009,0.22547823,-0.26817134,-0.13163947,0.020551834,-0.34442088,0.038572222,-1.0265454
-5.695399,-0.07714734,0.11879806,-0.18747045,-0.091098815,-0.07648553,-0.31842685,0.0035370209,-0.9408962
7.026172,0.38197607,0.24722303,0.041884296,-0.004193031,-0.15119985,0.1516472,-0.34509015,-0.07556115
-4.5262938,-0.023669481,0.22491018,-0.18314072,-0.12702085,-0.24967252,-0.36507857,0.0396505,-0.9686807
-8.334748,-0.34286758,-0.5493008,-0.16110149,-0.0013129862,0.02249221,0.039730202,-0.0026924987,-1.1463856
-10.116568,-0.3217209,-0.6574884,-0.23442644,4.9636583e-08,0.031753864,0.053585343,-0.04003841,-1.1264123
8.5809965,0.8913715,0.30031812,0.03672616,-0.00055948115,-0.13816784,0.02777933,0.14473109,1.0533546
-2.5161173,-0.11672422,-0.2456336,0.22258262,-0.023192408,-0.061558858,-0.17729545,0.07866373,-0.7401059
-8.899861,-1.106801,0.12563029,-0.37720767,-0.036917225,0.11698183,-0.849612,-0.09675175,0.50289637
5.4865847,0.397694,0.24264403,-0.07889211,-0.007789802,-0.22810522,0.2025391,-0.3727766,-0.29042622
13.158071,0.9938081,0.2927824,-0.026440168,-0.008016275,-0.66832757,-0.31221056,0.08776969,1.2527705
-7.271627,-0.10892376,-0.013923467,-0.29297128,-0.06559183,-0.011310476,-0.25653204,0.019357104,-1.0942751
-7.9379854,-0.11300186,-0.4116624,-0.298828,-0.0041907136,0.02256358,0.07963742,-0.06193311,-1.0811737
1.2789516,0.6824533,0.14172938,-0.29313394,-0.015771868,-0.033149492,0.12912944,-0.08542035,-0.76495796
-5.738443,-0.09440782,-0.018061614,-0.12301776,-0.054340266,-0.032767948,-0.23858863,-0.01689147,-0.98699117
-11.463782,-0.35173512,-0.9389881,-0.07904428,0.0066656065,0.02433331,0.106349565,0.0072184023,-1.5569102
-5.4176397,-0.011838533,-0.018157844,-0.108013615,-0.018645678,-0.08894684,-0.3370448,0.012573879,-1.4800906
-2.095066,0.45960784,-0.20854829,-0.046956662,-0.008167235,0.0010046841,-0.254975,-0.06867107,-0.9616212
5.2462807,0.32622254,0.16191138,-0.16281825,-0.014327916,-0.05164189,0.2074839,-0.110959984,0.6697629
6.5920343,0.19792075,0.22917639,-0.2509512,0.007925429,0.124909244,0.34217075,-0.18206035,1.0836391
-4.977871,-1.3776636,0.1460463,-0.05671126,-0.04490712,0.056556124,-0.46994656,0.103713125,0.9412878
-3.5218678,-1.4002109,0.24292657,0.2749187,-0.034885813,0.046788167,-0.2834812,0.29520816,0.8905974
-5.2276096,0.40409648,0.16946678,-0.2602833,-0.085207455,0.007865103,-0.77757365,0.018884132,-0.9281224
1.5766338,0.9417154,0.034404058,-0.13143739,-0.014044211,0.017896436,0.14617257,-0.09855869,-0.62036777
-1.7781925,0.45794475,-0.012728914,-0.11601187,-0.008295166,0.044725157,-0.53260326,-0.104455136,-0.7000329
0.13256887,0.4233568,0.20511109,-0.08837495,-0.01027155,0.05097669,0.09398011,-0.12040922,-0.63078225
7.16281,0.8473961,0.27719325,-0.11111714,0.0060222126,-0.610509,0.12508604,0.14853026,1.1275481
-5.648533,-1.4803451,0.20349355,0.04712442,-0.0024212196,0.105530426,-0.41837496,0.1273861,0.68250805
10.852397,0.826113,0.4985325,0.0427042,0.014467938,0.17588279,0.31921384,0.23615545,1.6268914
-6.1469193,-0.0052116034,0.2066571,-0.32106373,-0.11321823,-0.054639835,-0.5556177,0.03908141,-0.8350668
-5.2631326,-1.5778779,0.24002187,0.06785471,0.025772579,0.13937661,-0.13862194,0.2023861,0.9194155
-11.464976,-0.24030489,-0.8964233,-0.057904415,0.0036206706,0.05498226,0.037400223,0.11330674,-1.621324
-5.385034,-0.12264538,-0.07518522,-0.1794477,-0.036894817,-0.031276893,-0.13645554,-0.03862401,-0.9539766
4.7358766,-0.5612229,0.22305009,0.0075457664,-0.08334627,0.3490592,0.073004484,0.38191614,1.4274615
-5.6864758,-0.059915148,-0.047231518,-0.17614754,-0.049429573,-0.009827173,-0.25799114,-0.04821304,-0.99317837
-11.493975,-0.45172742,-0.57606095,-0.09739231,-0.07670645,0.058218222,-0.18966049,-0.03317121,-1.3873302
8.250516,0.35361305,0.3530683,-0.29255623,-0.019940043,0.057421952,0.3776818,-0.51771486,0.9787694
-11.509889,-0.4633557,-0.600967,-0.100058235,-0.0624204,0.060115308,-0.15665804,-0.010688875,-1.403883
-2.3630648,-0.89627683,0.34982538,0.12953319,0.085550725,0.06850342,-0.0435359,0.36315334,0.42162204
-2.6538558,0.36260363,0.19618788,-0.109126605,-0.021818023,-0.023333458,-0.3534132,-0.08178261,-1.0659034
7.3644977,0.45918924,0.33917996,-0.10491589,0.009015022,0.028552113,0.38485155,-0.30473316,1.3234049
-3.8501527,0.0054780906,0.23427851,-0.104867674,-0.1210639,-0.08215404,-0.5519239,0.027893046,-0.7380046
-2.4884355,-0.9032538,0.25140944,0.114675954,-0.021338072,0.083550155,0.041820828,0.27755177,1.0749284
9.680584,1.0177709,0.39011174,0.29301235,0.0036577808,0.19246621,0.091251954,0.42480928,1.500982
2.9455833,0.6421245,0.24186067,-0.11398424,-0.019299325,-0.029507993,-0.12559085,-0.120029934,-0.52751935
6.2002296,0.45811442,0.23481672,-0.015971083,-0.0014360507,0.015336327,0.08842805,-0.04315042,0.51307786
-6.7730637,-0.16309331,-0.040830325,-0.32545146,-0.056700014,-0.06738041,-0.24456991,-0.005353101,-1.0262818
14.244849,0.896742,0.407319,0.124158815,0.011491902,0.38385698,0.3442204,0.6197414,1.5415137
-0.25278163,0.3943922,0.18454815,-0.13095367,-0.024293551,0.04930195,-0.41610536,0.0128664905,-0.8456871
-6.5372496,-0.024958689,0.24988079,-0.65028656,-0.055374704,0.045807652,-0.1748363,0.05108623,-1.0521965
5.7970657,0.3978597,0.2776554,-0.11394236,-0.008434355,-0.2772965,0.21238546,0.10666853,1.0135934
6.9058204,0.24160671,0.23051274,-0.17853649,-0.0007724547,-0.07612265,-0.33613947,0.12930919,0.7865753
-3.2884498,-1.338029,0.27740437,0.34729573,-0.022057476,0.046748217,-0.27923784,0.3091374,0.9023656
-5.136469,-0.16230796,0.24684191,-0.25683004,-0.11322406,-0.06562382,-0.36872953,0.0070234323,-0.94524527
11.841795,0.49306944,0.24970351,0.0048854025,0.002785691,-0.15447044,0.21500193,-0.08649217,1.3574018
12.73675,0.9737471,0.31033784,-0.1758249,-0.0012129451,0.14200199,0.105829224,0.2754169,0.9236599
16.70132,0.84662807,0.32584402,0.10103242,0.007813773,0.05500532,0.2667061,0.19862165,1.1412103
-11.493824,-0.5899861,-0.07945643,-0.058501326,-0.07766055,0.06008627,-0.23114721,-0.2342465,-1.5398523
16.582424,0.60783833,0.4598244,0.39460695,0.008943596,-0.04703671,0.28217962,0.270602,0.99706787
9.089238,0.70898783,0.27115312,0.036753926,0.0058110855,-0.0421335,0.28022027,0.13834867,1.2892623
11.975413,0.19844699,0.118091166,-0.027417615,-0.0043309326,-0.041266795,0.18235332,0.2092238,1.188033
-9.070814,-0.8867204,-0.4163233,-0.42679587,-0.09642435,0.058214888,-0.68288,0.019505424,0.5499238
4.2636895,0.27273437,0.08255739,-0.20831284,-0.0138111785,-0.64490384,-0.14848615,-0.36245018,-0.3548288
3.9792902,0.40897876,0.19828676,-0.14188102,-0.0034816375,-0.215355,0.1417188,-0.18093467,0.82593364
4.9004264,-0.5797095,0.29750547,0.52332014,-0.0124734165,0.39483598,0.13011713,0.53281385,1.106984
13.562664,0.85264933,0.39059547,0.0025381462,0.0056460625,-0.066686556,0.21013573,-0.4309283,0.9858298
-11.514735,-0.3217444,-0.9419667,-0.07659754,0.008134691,0.051686093,-0.0019000277,0.15356594,-1.6043437
0.28494117,0.39400166,0.12475746,-0.10957095,-0.022103533,-0.0973876,-0.4043114,-0.1397207,-0.820297
5.229668,0.3526706,0.24008973,-0.1019689,-0.0140668,0.06889405,0.129503,-0.21597245,0.74542505
-11.490918,-0.43477026,-0.71997344,-0.10325909,-0.02427122,0.057907797,-0.13998124,-0.019002238,-1.3736984
1.9933125,0.9071679,0.25994465,-0.38593805,-0.018438404,-0.016727535,0.3211094,-0.13057318,-0.71980304
5.4872293,-0.5214341,0.2526967,0.24268153,-0.10656524,0.27185792,0.090916276,0.5069159,1.5357803
6.2568336,0.84149504,0.3931682,-0.07294463,-0.0068935836,0.037328754,0.594456,0.19229464,0.57728076
-3.4753544,0.051704653,0.21318114,-0.11523069,-0.122943334,-0.13834098,-0.5951301,-0.0038208456,-0.6938512
8.463553,0.43380666,0.39981133,-0.14224014,-0.018459333,-0.08691144,0.4993476,-0.26598564,1.2591819
1.2242752,0.5314006,0.22846392,-0.031556275,-0.009830603,0.03150031,-0.09157883,-0.06250182,-0.4991828
-2.5510483,0.3896743,0.17370257,-0.12656638,-0.021475581,0.047492307,-0.44075117,-0.07886201,-0.89278954
4.483781,0.5500595,0.31759048,-0.23248498,-0.0011809506,0.16520444,0.3052539,-0.1911262,0.745436
10.48767,0.6412753,0.57311994,0.14785588,-0.012498183,0.29147765,0.13025741,0.13702005,0.4516391
12.031118,0.029746694,0.33691835,0.10507908,-0.0066197547,0.08589829,-0.6178935,0.28178293,0.10422127
-10.2380495,-0.26532003,-0.8190892,-0.08500191,0.004873874,0.048761617,0.046053283,0.08149803,-1.5545721
-0.31768563,-0.8977267,0.28242266,0.2420013,-0.010055762,0.17108952,0.23861004,0.3668482,1.4177785
14.315777,0.67421484,0.24108304,-0.072218426,-0.010974787,0.24101047,0.37429032,0.2863112,1.4330201
0.25138977,0.45256123,0.014522686,-0.124372296,-0.01967864,-0.0095309485,-0.34526044,-0.1519269,-0.8470585
-2.8744466,0.028993644,-0.2811235,0.03386922,-0.028249435,-0.03454145,-0.2394031,-0.0002914757,-0.7326726
6.684618,0.26790816,0.3644146,-0.005985629,0.009525656,0.108904704,0.45909324,-0.18893026,1.1244291
1.4142829,-0.7737507,0.20553052,0.20958997,-0.06070963,0.04345735,0.15799132,0.12535846,1.0861715
7.7237883,-0.08425219,0.37132314,0.2933211,-0.09730888,0.15668324,-0.22555149,0.23701619,0.856184
-11.403823,-0.31312916,-0.9361678,-0.07220629,0.006021121,-0.06114456,0.104856275,0.036825303,-1.6086057
-3.293308,0.10165762,-0.029150996,-0.02015335,-0.021080157,-0.055372175,-0.4276357,-0.015010515,-0.9362364
5.8643456,0.16627032,0.12605943,-0.25029087,-0.0016481112,-0.47133592,0.034248102,-0.21574466,1.068869
5.511538,0.39389172,0.32116556,-0.037247196,-0.0083002085,0.1518056,0.39030257,-0.17445405,1.1405827
1.737292,-0.6793437,0.25978905,0.66344726,0.027863426,0.062428012,-0.27503788,0.4192124,0.9477873
0.91809666,0.71376663,-0.25346404,-0.064664796,-0.006025171,0.06945361,-0.08793376,-0.18957196,-0.79510534
0.76482767,-0.5354322,0.3532555,-0.051592607,-0.10095101,0.059787795,0.0974585,0.36939138,0.350944
12.540312,0.749887,0.30315652,0.0042286683,-0.0069875605,-0.1430971,0.28501403,-0.57249504,1.331743
1.5103406,0.29908413,0.09085025,-0.31472522,-0.025104558,-0.06298667,0.15798406,-0.2431029,-0.720511
-11.4876,-0.4431385,-0.57490003,-0.09349914,-0.07831914,0.05814558,-0.19567132,-0.029094558,-1.4037293
8.078355,0.40945938,0.30043983,0.0050353208,0.034783553,0.006631382,0.7204251,-0.23496813,1.0666145
11.197338,0.70680714,0.21955511,0.10306041,-0.0068022944,-0.42660308,-0.004454773,0.39401153,1.1844132
6.297559,0.32607406,0.2377876,-0.44881535,-0.057884373,0.09725529,0.0840365,-0.5126792,0.4773141
-10.853014,-0.21161632,-1.0798749,-0.03281238,0.0019678143,0.05207039,0.024633035,0.089260444,-1.3911812
0.5050645,0.7464017,0.23813814,-0.32087883,-0.008866328,0.04566072,0.19534947,0.06687323,-0.70043707
9.634582,0.3866518,0.035660908,0.092457995,-0.007301736,0.13805082,0.34227505,0.34930006,1.2046849
-11.558778,-0.40647376,-0.938925,-0.08201593,0.00628391,0.049893785,0.054525275,0.1468586,-1.5193372
-1.3645829,0.5387825,-0.19628942,-0.008395169,-0.0073646517,-0.00087460486,-0.26209405,-0.06663634,-0.90836084
6.831735,0.7594951,0.33658153,-0.16955933,0.010191864,0.114228256,0.41223443,0.018967526,1.5581278
2.7343435,-0.5476532,0.28673768,-0.031875957,-0.07091839,0.06994731,0.1644501,0.10261855,1.0400862
-5.644663,-0.17223638,0.24959339,-0.55708015,-0.05096156,-0.045125354,-0.10391087,0.03245932,-0.95820695
4.0518804,0.8140035,0.26429597,-0.057657313,-0.0038619516,-0.01270074,0.29386407,-0.23373538,-0.5484772
-2.7799075,-0.09943369,-0.372074,0.11621419,-0.0004586361,-0.06941707,-0.008261993,0.06644623,-0.75451267
-7.12757,-0.12409806,0.21073018,-0.29548275,-0.14171708,0.026471984,-0.34817502,0.057108678,-1.0576334
13.340835,0.7803371,0.46621305,-0.21282127,-0.0034926801,0.18522005,0.3171532,-0.74998796,1.5714346
5.7120504,0.44077012,0.2894442,0.07702769,0.0009128307,0.21237679,0.13863917,-0.16979006,-0.11972702
-11.421887,-0.69365203,0.1635042,-0.09016788,-0.07256171,0.06344374,-0.66369945,-0.389611,-1.1414402
-10.001862,-0.18363406,-0.7740143,-0.17913166,-0.013721159,-0.17948413,-0.27472252,0.0895212,-1.2370485
-3.3252184,-0.013067524,-0.018377237,-0.02255977,-0.05777173,-0.11834562,-0.29405344,-0.038827285,-0.8063476
10.949035,0.95210284,0.42612693,-0.010790027,0.046981562,0.06561463,0.19784896,-0.044192992,1.5391219
-6.6563153,-0.10988363,-0.09134571,-0.37681213,-0.0073571154,0.022950526,0.01932844,-0.058641113,-1.0031879
4.935969,-0.4556393,0.20187812,-0.14633988,-0.04753299,0.27908263,0.14753032,0.3427825,1.4393535
-11.529779,-0.38770404,-0.947679,-0.07718561,0.005603405,0.025388787,0.068864405,0.1470425,-1.5525249
1.2873226,0.6139262,0.20975469,-0.21134752,-0.0007428298,0.020134157,-0.015205971,-0.16235977,-0.7417985
7.9529724,0.3775975,0.2560745,0.12948972,-0.004023911,-0.14943042,0.11147829,-0.14556184,0.61053216
11.627729,0.91741234,0.39512724,-0.0049883304,0.0068173143,-0.37051094,-0.058257975,-0.00075347454,1.0994843
-8.205114,-0.08728982,-0.5094382,-0.26163623,-0.0043846313,0.043082915,0.05262247,-0.07105046,-1.1772238
0.31677833,0.5881932,0.12609352,-0.108967505,-0.008075291,-0.04060122,0.26161623,-0.23328789,-0.7708151
-5.784741,-0.09803963,0.23571047,-0.27298614,-0.044092648,-0.17843741,-0.6300459,0.027746018,-0.8341671
0.9399601,0.6059014,0.007133281,-0.064899415,-0.008285739,-0.015549254,0.14741483,-0.080665186,-0.5523984
3.843575,0.6778563,0.21100095,-0.022217847,-0.0066947103,-0.20222794,0.1357332,0.02746096,-0.8848109
10.777014,0.80258965,0.3237921,-0.19607875,0.012944227,-0.14821033,0.32337773,-0.27062207,1.4191799
5.2964945,0.3396785,0.20149784,-0.04696019,0.0061264476,0.1859156,0.17706977,-0.28553915,-0.1173694
-3.6744432,0.44042668,0.011369304,-0.17888385,-0.010312561,0.01922089,-0.5991191,-0.06878533,-0.84750724
-8.575406,-0.13948916,-0.4961623,-0.23046675,-0.012620299,0.01738403,-0.10343656,-0.051538248,-1.1756083
-3.3104937,0.39746603,0.16068289,-0.13407002,-0.012771153,0.092417635,-0.8721277,0.058568932,-0.94582635
7.6606135,0.32061172,0.26570064,0.044666726,-0.002364387,-0.036534898,0.059449546,-0.2055322,0.3782386
-11.369273,-0.314352,-0.93574953,-0.070553355,0.0054147444,-0.0688022,0.0638526,0.043017734,-1.6017572
0.19737001,0.6221893,0.17348185,-0.07837385,-0.0039228983,0.053175766,0.20179218,-0.16023053,-0.679735
9.175097,0.30599383,0.22629878,-0.34360033,0.006353619,-0.3371923,-0.012009702,0.027312716,0.8721546
6.9363647,0.6664245,0.45371246,-0.32371795,-0.05415807,0.123756416,0.15506311,0.034108024,1.304893
-7.1819544,-0.16159642,-0.39066723,-0.14757867,-0.011921265,-0.033085603,-0.11926407,0.0043363995,-1.0709068
-3.09603,0.11381246,-0.4797473,0.0034594506,-0.007527508,-0.11257892,-0.12558793,-0.048477937,-0.7725214
-11.488434,-0.31680983,-0.7296017,-0.051570304,-0.010572443,0.058167256,-0.24546115,0.14207858,-1.6056247
-9.198384,-0.26567674,-0.54314375,-0.21215194,-0.0063659763,-0.0060363165,-0.034346163,-0.014397093,-1.1609061
-5.0106106,-0.24123238,0.23124525,-0.14366871,0.050665934,0.12229534,-0.857618,0.13121168,-0.598422
-11.48665,-0.30650264,-0.93632716,-0.050767917,0.0039923107,0.049812615,-0.06981047,0.15219565,-1.6037699
-2.4455204,0.470227,0.0055651297,-0.12194171,-0.02963073,-0.032474484,-0.32744503,-0.07832005,-1.0773032
-3.7338254,-1.6376649,0.24705257,0.1820729,-0.076953374,0.047789853,-0.053691257,0.21598944,0.83956414
0.28691736,0.4220819,0.016949855,-0.07828097,-0.018286174,-0.0928212,-0.37035722,-0.12781134,-0.81878793
9.965713,0.59906405,0.3050066,0.107837774,-0.037653085,0.11625219,0.5088334,-0.2603429,1.3762743
-11.516226,-0.39147195,-0.9558513,-0.07774847,0.0074722967,0.009710717,0.05255813,0.1474738,-1.5243961
-7.828669,-0.19311817,-0.08313097,-0.47205952,-0.0063734357,0.019034661,0.0880502,0.0034046296,-1.0307772
-4.043815,0.44090003,-0.217764,-0.068381704,-0.012948415,-0.08365653,-0.5804335,-0.00536234,-0.95106894
-7.614289,-0.196319,-0.020363979,-0.30126938,-0.06272446,-0.11825941,-0.24611887,0.027069049,-1.0457786
9.947697,0.80568683,0.47615933,0.2610051,0.04011639,0.25555438,0.06959627,0.44046763,0.94945836
-2.042351,-0.96980083,0.278057,0.16165775,-0.020249702,0.10623677,0.03295429,0.25413746,1.0876505
11.811498,1.0137329,0.4792153,0.06403975,0.0013729982,-0.28353798,0.25461408,-0.09530492,1.6723722
8.135166,0.24246168,0.18408318,-0.049525183,0.00877868,-0.09862305,-0.15004975,0.11817682,1.0500582
3.7418764,0.29618514,0.21681495,-0.10678405,-0.011263662,-0.013901283,0.19873846,-0.35296705,-0.029541781
8.97546,0.9046831,0.5221215,-0.056440894,-0.046040516,0.06769434,0.2715235,-0.38680172,1.6114762
-5.9674273,-1.1177636,0.15998517,-0.31285354,-0.045947112,0.06635566,-0.5944157,0.03366656,0.3302505
1.0958235,0.4163542,0.141202,-0.1432329,-0.024517868,-0.016199518,-0.55742705,0.06091193,-0.762764
13.601077,0.9239445,0.51040006,0.01452008,0.027162164,0.283259,0.5605424,0.40089405,2.173432
13.300943,0.883681,0.38759416,-0.013682217,-0.008220977,-0.034933925,0.25299937,0.38174555,1.4481218
4.9427953,-0.40961388,0.23368396,-0.04178761,-0.123460434,0.20206906,0.12592411,0.30545065,1.1565278
-11.4042225,-0.2069853,-1.0197992,-0.030209074,-0.003060543,-0.17666689,0.12721232,0.10031474,-1.5520576
12.283538,0.03558144,0.009536873,-0.13991892,0.00093149324,0.106801376,0.32963708,0.0034988173,1.3540527
6.905054,0.3662153,0.21863689,0.017717348,0.025800627,0.133953,0.20570257,-0.15608907,1.0609022
-1.7737008,0.50475216,0.19531266,-0.06268115,-0.012069382,0.037785865,-0.6164156,-0.04440481,-0.7668625
7.558907,-0.17046611,0.46106866,0.28448656,-0.08955027,0.16377744,-0.21460547,0.234639,0.9069454
-1.0611546,0.5707984,-0.29213145,-0.046819396,-0.0004037492,-0.058365345,0.0943685,-0.108071245,-0.91284
7.7432723,0.1776852,0.21960503,0.07608621,0.0058008637,0.052987203,0.3293277,-0.2399062,1.0705649
-3.6295466,-1.4050319,0.22186293,0.24809444,-0.025508208,0.04540738,-0.32482043,0.2098891,0.8784997
-11.514975,-0.31035286,-0.96128684,-0.07570411,0.0075593763,0.050702684,0.008612542,0.15357412,-1.6060357
-11.495466,-0.5334905,-0.53802866,-0.104875006,-0.04450701,0.05914123,-0.5286406,-0.09661515,-0.96548945
-9.607186,-0.3423418,-0.62764645,-0.2177859,-0.004208156,0.0008628861,0.13844265,-0.023697125,-1.1745346
-11.450211,-0.30133924,-0.9336554,-0.0505491,0.005464282,0.0104672,-0.072250456,0.14936486,-1.6055418
6.25124,0.47467425,0.12833501,-0.2956646,0.0015482852,-0.27266562,0.37754524,-0.21323352,0.4747613
-4.6358676,0.11337691,0.23346537,-0.17234851,-0.12093342,-0.07758244,-0.6317588,0.035912532,-0.847276
16.67675,0.8734334,0.32737133,0.10545078,-0.008845411,0.07618754,0.24589157,0.2710514,1.1555072
-7.6817517,-0.21713266,0.23675644,-0.84115213,-0.020779198,-0.041831497,-0.014680305,0.028874375,-1.0514048
-1.544116,-1.1266644,0.23831216,0.24319646,-0.015932415,0.057078928,-0.3002953,0.26069725,1.0175693
0.61068827,0.6332825,0.19125822,-0.18701673,-0.019285621,0.05281022,-0.5276198,-0.17588705,-0.8058141
-2.2922475,0.5076231,-0.02648632,-0.08726024,-0.0093393605,-0.03984064,-0.5478723,-0.07277898,-0.8650321
12.7806015,0.73008126,0.34107518,-0.04160191,-0.0279585,0.15904741,0.65241605,0.09862733,1.05217
4.401686,0.3491406,0.22678383,-0.04834962,-0.010096015,-0.07060047,0.19386096,-0.1825675,-0.10871608
-11.742902,-0.57689416,-0.5485047,-0.06755525,-0.14674383,0.07173129,-1.7090532,-0.13976318,0.6062013
-5.3801904,-0.14940539,-0.0013019132,-0.12189996,-0.048304416,-0.09152163,-0.2658114,-0.021865766,-0.93971735
-3.7156136,-0.010051411,0.02992185,0.006453469,-0.02703247,-0.047796935,-0.4763064,0.009324127,-0.6940841
3.79513,0.30333593,0.21896845,-0.102170624,-0.0077018444,0.07847605,0.20103967,-0.3549148,-0.025554318
12.541237,0.9303552,0.5271846,0.053798676,-0.0012424489,-0.11441026,0.29213735,-0.12432742,1.4483813
9.809016,0.66252655,0.002398895,-0.29878476,0.037063476,-0.3413198,0.03818677,0.07278405,1.3527848
-5.3289785,-1.4423908,0.17249188,0.118090495,0.0165629,0.051916957,-0.34748274,0.16156799,0.8876456
-8.700591,-0.17569727,0.11467386,-0.34429082,-0.14370966,-0.13826711,-0.2932796,0.009757514,-1.2440789
10.005166,0.3698392,0.33151942,0.55971175,0.029566122,0.421096,0.2558001,0.70367634,1.3116498
-4.544624,-1.6315454,0.26498806,-0.50178045,-0.023916617,0.10761034,0.10130342,0.1333234,0.91719204
5.090088,0.2717616,0.16824915,-0.30043492,-0.028866107,0.13741902,0.15834151,-0.4060569,0.62906265
3.7735152,0.6784476,0.23861232,-0.030751674,-0.001993292,-0.12958638,0.1355051,-0.020522531,-0.86329055
9.21116,0.9437428,0.43629476,0.028821321,0.0051189843,0.062853105,0.04653824,0.02588991,1.0819006
10.9051075,0.91220325,0.4659044,0.10569444,0.012593776,0.24243654,0.13984291,0.333549,1.2371913
6.8924065,0.41762564,0.2708051,0.07665611,-0.0026911339,0.02466171,0.20908801,-0.26288193,0.55460346
3.170899,-0.8510184,0.31547636,0.5013697,-0.05711556,0.1718283,0.14343467,0.27954617,1.1915246
-8.31247,-0.2695189,-0.5856655,-0.20367868,-0.0040556616,0.024744608,0.044361394,-0.022102114,-1.1400317
-6.1309905,-0.1326513,-0.025832264,-0.21719937,-0.05437716,-0.022100756,-0.23905414,-0.007608602,-0.9566844
9.510441,0.88312787,0.20473734,-0.21583429,-0.009355603,-0.3457778,0.03749179,-0.3866883,1.320953
