model,best_mae_cv,test_mae,test_r2,time_s
RF_grid,0.1992675091373426,0.5614133034400804,0.9905998706132164,96.54396629333496
XGB_grid,0.15162283161241197,0.3191991531187031,0.9966063103437043,41.631229400634766
