model,best_mae_cv,test_mae,test_r2,time_s
RF_grid,0.2007598822061404,0.5760895789651277,0.9903224691021414,98.58949995040894
XGB_grid,0.15189018125312062,0.3447965884623648,0.9961046866534756,46.577356576919556
