Variable,Baseline,Optimal,Change_%,Min_Bound,Max_Bound,Within_Bounds,Controllable
cumulative_penicillin,1145196.3567606802,1208692.432,5.544557914847528,1208692.432,1208692.432,True,True
substrate,2.770178127111821,17.149489991986773,519.0753520195749,0.0006219390000000001,22.234549999999988,True,True
RQ,0.017243067291593195,0.010526204805328399,-38.95398871139117,0.004346437554168835,0.029228683419665058,True,True
specific_production_rate,0.005549517312939101,-0.0039969014445295145,-172.02250608733937,-0.0050743022834129,0.0132730849624168,True,True
substrate_rate,0.0638823743851512,0.3281221792061409,413.6349147385629,-0.003835549999999999,0.643000000000001,True,True
base_flow,62.90602032467061,9.51869864495579,-84.86838207880919,4.865490000000003,149.01749999999942,True,True
DO,12.489061846499366,11.350390916577094,-9.117345593427714,9.888235,14.735,True,True
OUR,1.2866269612617909,0.5361561302381963,-58.328548492999886,0.4789235,1.936754999999999,True,True
viscosity,50.00954834488819,80.45459851685203,60.87847457049836,10.217,81.209,True,True
