feature,sensitivity,abs_sensitivity
RQ,-75.952399091415,75.952399091415
specific_production_rate,0.9245430787832427,0.9245430787832427
DO,-0.0904764341832651,0.0904764341832651
OUR,0.027829124748293882,0.027829124748293882
viscosity,0.006864667316745137,0.006864667316745137
substrate,-0.0013856650898970185,0.0013856650898970185
base_flow,0.0010395419633680186,0.0010395419633680186
cumulative_penicillin,1.0032515842557815e-05,1.0032515842557815e-05
substrate_rate,0.0,0.0
