feature,sensitivity,abs_sensitivity
RQ,-43.385015633690884,43.385015633690884
specific_production_rate,-4.783393419689881,4.783393419689881
substrate_rate,-0.4085957400811048,0.4085957400811048
OUR,-0.36130053448683896,0.36130053448683896
DO,-0.10256663410159803,0.10256663410159803
base_flow,-0.013678307404681025,0.013678307404681025
viscosity,-0.0008198126201732715,0.0008198126201732715
cumulative_penicillin,9.766619571530324e-06,9.766619571530324e-06
substrate,0.0,0.0
