Metric,Train,Test
MSE,0.6765330847877149,0.5757221279588581
RMSE,0.8225163127790931,0.758763552075914
MAE,0.5692638545653709,0.5698056568460644
R²,0.9932261308893232,0.9919916033581663
