Model,Dataset,MSE,MAE,R2,Training_Time_s
Random Forest,Train,0.009380023911460398,0.05272849043199058,0.999906081379226,10.804369449615479
Random Forest,Test,0.622295929738132,0.5447912718123092,0.9913437535367795,
XGBoost,Train,0.031593095783806924,0.11653981884293707,0.9996836703179006,1.2539305686950684
XGBoost,Test,0.49116711911710237,0.47926320055720145,0.9931677784884487,
