Feature,RF_Importance,XGB_Importance
cumulative_penicillin,0.4625229520720331,0.76447386
viscosity,0.22588789443608193,0.09928854
RQ,0.135779685025039,0.051227093
substrate,0.09806976933389328,0.05818392
specific_production_rate,0.03134759757461796,0.0071554016
OUR,0.015544539301833112,0.0041065677
DO,0.01482405385547357,0.011999774
substrate_rate,0.01426788536889172,0.0024376656
base_flow,0.001755623032136426,0.0011271999
