Metric,Train,Test
MSE,0.13788612541514403,1.215508944321171
RMSE,0.371330210749333,1.1025012219136863
MAE,0.2538381160517739,0.6019495444331731
R²,0.9985885940713063,0.9829183212276181
