Metric,Train,Test
MSE,0.1465196280560679,3.067851703117885
RMSE,0.3827788239389268,1.7515283906114354
MAE,0.2657971528903185,0.6263030824474836
R²,0.9985002213160628,0.9568871479236785
