Model,Dataset,MSE,RMSE,MAE,R2
LSTM,Test,3.067851703117885,1.7515283906114354,0.6263030824474836,0.9568871479236783
LSTM,Train,0.1465196280560679,0.3827788239389268,0.2657971528903185,0.9985002213160628
Random Forest,Test,0.6222959297381319,0.7888573570285897,0.5447912718123091,0.9913437535367796
Random Forest,Train,0.0093800239114604,0.09685052354768352,0.0527284904319905,0.999906081379226
Ridge,Test,0.5757221279588581,0.758763552075914,0.5698056568460644,0.9919916033581664
Ridge,Train,0.6765330847877149,0.8225163127790931,0.5692638545653709,0.9932261308893232
XGBoost,Test,0.4911671191171023,0.7008331606859812,0.4792632005572014,0.9931677784884488
XGBoost,Train,0.0315930957838069,0.17774446766019725,0.116539818842937,0.9996836703179006
