Model,R2,MAE,RMSE,Avg_Rank
XGBoost,0.9931677784884488,0.4792632005572014,0.7008331606859812,1.0
Ridge,0.9919916033581664,0.5698056568460644,0.758763552075914,2.3333333333333335
Random Forest,0.9913437535367796,0.5447912718123092,0.7888573570285898,2.6666666666666665
LSTM,0.982918321227618,0.6019495444331731,1.1025012219136865,4.0
