Model,Dataset,MSE,RMSE,MAE,R2
LSTM,Test,1.215508944321171,1.1025012219136865,0.6019495444331731,0.982918321227618
LSTM,Train,0.137886125415144,0.371330210749333,0.2538381160517739,0.9985885940713064
Random Forest,Test,0.622295929738132,0.7888573570285898,0.5447912718123092,0.9913437535367796
Random Forest,Train,0.0093800239114603,0.096850523547683,0.0527284904319905,0.999906081379226
Ridge,Test,0.5757221279588581,0.758763552075914,0.5698056568460644,0.9919916033581664
Ridge,Train,0.6765330847877149,0.8225163127790931,0.5692638545653709,0.9932261308893232
XGBoost,Test,0.4911671191171023,0.7008331606859812,0.4792632005572014,0.9931677784884488
XGBoost,Train,0.0315930957838069,0.17774446766019725,0.116539818842937,0.9996836703179006
